61.199997,0,-20.399999,-59.4,33.99999917,4,1
58.5,0,-58.5,-58.5,16.25,2,1
58.5,0.9,-57.6,-57.6,16.5,2,1
62.09999847,0,-20.69999949,-57.59999847,50.2499983,4,1
61.199997,6.2999997,-27.44999865,-53.999997,20.74999908,3,1
51.29999924,0,-51.29999924,-51.29999924,14.24999979,2,1
69.29999542,16.19999886,-26.54999828,-50.39999961,42.24999799,3,1
48.59999847,0,-48.59999847,-48.59999847,13.49999958,2,1
52.199997,0.7,-12.59999925,-48.59997,18.11110269,5,1
44.09999847,0,-44.09999847,-44.09999847,12.24999958,2,1
43.19999695,0,-21.59999848,-42.29999924,23.74999894,3,1
37.79999924,0,-37.79999924,-37.79999924,10.49999979,2,1
67.5,15.29999924,-17.40000025,-36.89999771,53.24999809,4,1
72,37.79999924,-34.20000076,-34.20000076,30.49999979,2,1
54.899998,20.699999,-34.199999,-34.199999,20.99999917,2,1
54,20.699999,-33.300001,-33.300001,20.74999972,2,1
41.399998,0.9,-10.1249995,-32.4,43.24999944,5,1
32.39999771,0,-32.39999771,-32.39999771,8.999999364,2,1
70.19999695,37.79999924,-32.39999771,-32.39999771,29.99999894,2,1
53.1,12.599999,-13.50000033,-31.500001,43.99999972,4,1
44.1,4.5,-9.9,-31.500001,21.24999944,5,1
112.5,48.59999847,-15.97500038,-31.5,95.99999851,5,1
83.69999695,0,-13.94999949,-29.70000077,89.99999735,7,1
36,0.9,-8.775,-28.8000002,20.24999994,5,1
28.79999924,0,-28.79999924,-28.79999924,7.999999789,2,1
46.79999924,8.099999428,-12.89999994,-28.79999924,23.49999958,4,1
28.7404,0,-3.2473,-28.7404,71.66656111,10,1
27,0.899999976,-26.10000002,-26.10000002,7.749999993,2,1
91.79999542,65.69999695,-26.09999847,-26.09999847,43.74999788,2,1
24.3,0,-24.3,-24.3,6.75,2,1
35.09999847,0,-17.54999924,-24.29999923,12.74999936,3,1
57.6,27.9,-14.85,-24.299997,38.24999917,3,1
24.29999924,0.899999976,-23.39999926,-23.39999926,6.999999782,2,1
54.89999771,0,-13.72499943,-23.39999771,32.7499991,5,1
33.29999924,0,-8.32499981,-22.5,30.24999937,5,1
60.3,38.7,-21.6,-21.6,27.5,2,1
22.5,2.6999998,-19.8000002,-19.8000002,6.999999944,2,1
28.8,3.5,-4.32,-19,22.47222167,4,1
18.89999962,0,-18.89999962,-18.89999962,5.249999894,2,1
22.5,0,-11.25,-18,7.5,3,1
24.29999924,6.299999714,-17.99999953,-17.99999953,8.499999709,2,1
21.599998,0,-7.199999333,-17.999998,7.499999444,4,1
27.89999962,0,-6.974999905,-15.30000019,13.49999968,5,1
58.8,25.2,-15.3,-15.3,67.24999917,6,1
58.5,0,-4.5,-15.3,150.9999971,14,1
16.2249794,0,-5.408326467,-14.76109791,12.90840626,4,1
22.5,0.9,-3.6,-11.699999,21.74999944,7,0
52.199997,6.2999997,-4.58999973,-11.699998,76.24999658,11,0
54,22.5,-3.9375,-9.900002,89.24999917,9,0
68.4,0,-4.885714286,-9.9,168.7499961,15,0
65.7,0,-3.864705882,-9.9,173.9999969,18,0
26.09999847,0,-3.72857121,-9.89999961,20.49999883,8,0
56.699997,17.1,-2.413636227,-9.000001,241.9999943,23,0
76.5,0,-5.884615385,-9,153.7499997,14,0
59.399998,27,-4.628571143,-9,97.49999833,8,0
10.79999924,0,-3.599999747,-9,8.249999683,4,0
14.39999962,0,-4.799999873,-8.999999288,7.49999967,4,0
66.59999847,0,-6.054545315,-8.99999619,100.2499974,12,0
35.1,16.199999,-3.7800002,-8.100001,42.24999944,6,0
47.69999695,14.39999962,-3.027272485,-8.10000038,112.9999971,12,0
36.899998,22.5,-4.799999333,-8.1,31.74999944,4,0
52.2,0,-4.35,-8.1,102,13,0
46.8,16.2,-3.06,-8.1,101.75,11,0
9,0,-4.5,-8.099999428,4.749999841,3,0
25.199999,0.9,-4.8599998,-8.099999,20.24999944,6,0
74.7,50.399998,-4.050000333,-7.200002,126.9999994,7,0
43.199997,16.199999,-4.499999667,-7.200001,59.24999833,7,0
54.89999771,41.39999771,-2.7,-7.20000076,83.49999746,6,0
9.9,0,-4.95,-7.2000002,3.499999944,3,0
22.5,0,-4.5,-7.2,18.25,6,0
37.8,2.6999998,-3.51000002,-7.2,68.49999939,11,0
64.799995,34.2,-3.399999444,-7.2,140.2499972,10,0
53.1,0,-2.95,-7.199999,129.7499978,19,0
24.29999924,14.39999962,-4.94999981,-7.19999886,15.49999979,3,0
66.6,44.1,-4.5,-6.300003,92.49999778,6,0
50.399998,3.6,-3.899999833,-6.300001,92.24999714,13,0
42.3,0,-2.82,-6.300001,82.24999869,16,0
49.5,0,-3.3,-6.300000191,121.4999967,16,0
23.4,1.8,-3.6,-6.3,21.25,7,0
53.1,0,-3.31875,-6.3,143.4999981,17,0
22.5,12.6,-3.3,-6.3,19,4,0
9.9,0,-3.3,-6.2999997,6.749999639,4,0
55.79999924,39.59999847,-4.050000193,-6.29999924,65.74999703,5,0
39.59999847,5.399999619,-2.849999904,-6.29999924,84.49999783,13,0
35.1,0,-3.51,-6.299999,49.74999972,11,0
16.199999,5.3999996,-2.69999985,-6.299999,12.99999933,5,0
50.399998,43.199997,-2.400000333,-5.400003,53.24999861,4,0
42.3,34.2,-2.7,-5.400002,41.49999944,4,0
39.59999847,20.69999886,-1.889999961,-5.40000152,92.49999841,11,0
18,0,-3,-5.4000003,15.99999958,7,0
43.199997,6.2999997,-3.68999973,-5.4,75.49999686,11,0
25.199999,0,-3.599999857,-5.4,28.49999878,8,0
21.599998,1.8,-3.299999667,-5.4,25.99999889,7,0
10.8,4.5,-3.15,-5.4,7,3,0
41.399998,30.599998,-2.7,-5.4,49.49999833,5,0
19.79999924,0,-3.299999873,-5.399999621,21.74999952,7,0
12.59999943,0,-2.519999886,-5.399999619,11.49999963,6,0
6.2999997,0,-3.14999985,-5.3999996,3.249999806,3,0
8.099999,0,-4.0499995,-5.3999992,2.999999667,3,0
34.2,20.699999,-3.37500025,-5.399999,38.99999944,5,0
39.59999847,29.69999886,-1.979999922,-5.39999771,57.24999799,6,0
19.8,6.2999997,-2.70000006,-4.500001,22.99999936,6,0
38.7,34.2,-4.5,-4.5,20.25,2,0
59.399998,54.899998,-4.5,-4.5,31.74999889,2,0
48.6,41.399998,-3.600001,-4.5,37.24999944,3,0
43.199997,31.5,-2.92499925,-4.5,51.99999861,5,0
15.3,7.2,-2.7,-4.5,13.25,4,0
43.199997,21.599998,-2.699999875,-4.5,81.49999778,9,0
5.3999996,0,-2.6999998,-4.5,2.749999889,3,0
8.099999,0,-2.699999667,-4.5,5.499999722,4,0
63.89999771,49.5,-2.399999618,-4.5,109.2499966,7,0
72,60.29999924,-2.340000152,-4.5,107.7499972,6,0
50.399998,25.199999,-2.099999917,-4.5,141.2499978,13,0
16.199999,8.099999,-2.025,-4.5,17.74999917,5,0
27,13.5,-1.928571429,-4.5,45.24999944,8,0
6.2999997,0.9,-2.69999985,-4.4999997,2.499999917,3,0
9,0,-3,-4.499999,5.749999722,4,0
13.37946129,9,-2.189730645,-3.72792149,9.752050772,3,0
44.1,23.4,-2.07,-3.7,90.19444389,10,0
51.3,47.699997,-3.600003,-3.600003,27.49999917,2,0
58.5,54.89999771,-3.60000229,-3.60000229,31.49999936,2,0
68.40000153,27.89999962,-2.736000061,-3.60000229,267.2499916,19,0
36,31.5,-2.25,-3.600002,27.74999944,3,0
19.8,16.199999,-3.600001,-3.600001,9.999999722,2,0
28.8,20.699999,-2.02500025,-3.600001,34.49999889,5,0
18,0,-1.8,-3.600000382,24.74999951,11,0
17.10000038,13.5,-3.60000038,-3.60000038,8.500000106,2,0
3.6,0,-3.6,-3.6,1,2,0
45.899998,40.5,-2.699999,-3.6,36.24999944,3,0
45.899998,36,-2.4749995,-3.6,55.49999889,5,0
4.5,0,-2.25,-3.6,2.25,3,0
46.8,23.4,-2.127272727,-3.6,115.25,12,0
41.4,33.3,-2.025,-3.6,51.5,5,0
23.4,10.8,-1.8,-3.6,35.25,8,0
13.5,6.299999714,-1.800000072,-3.59999943,13.49999971,5,0
12.599999,7.2,-2.6999995,-3.599999,7.999999722,3,0
50.39999771,46.79999924,-3.59999847,-3.59999847,26.99999915,2,0
65.69999695,47.69999695,-1.8,-3.59999847,173.9999941,11,0
21.599998,18,-3.599998,-3.599998,10.99999944,2,0
54,50.399998,-1.800001,-2.700002,43.74999944,3,0
25.199999,21.599998,-1.8000005,-2.700002,19.74999917,3,0
57.6,45,-1.4,-2.700002,144.9999972,10,0
61.199997,56.699997,-2.25,-2.700001,49.24999778,3,0
27.9,18.9,-1.5,-2.700001,46.49999944,7,0
37.79999924,32.39999771,-1.80000051,-2.70000077,38.74999894,4,0
25.19999886,17.10000038,-2.02499962,-2.70000076,28.49999958,5,0
36,32.39999771,-1.800001145,-2.70000076,28.24999915,3,0
18.89999962,15.29999924,-1.80000019,-2.70000076,14.49999968,3,0
6.299999714,0.899999976,-1.799999913,-2.700000048,3.749999901,4,0
17.1,14.4,-2.7,-2.7,8.75,2,0
21.6,16.2,-2.7,-2.7,15.75,3,0
36,33.3,-2.7,-2.7,19.25,2,0
42.3,39.6,-2.7,-2.7,22.75,2,0
9.9,6.2999997,-1.80000015,-2.7,6.499999917,3,0
20.7,17.1,-1.8,-2.7,16,3,0
55.8,47.7,-1.62,-2.7,85.5,6,0
11.7,5.3999996,-1.5750001,-2.7,10.99999981,5,0
59.399998,46.8,-1.57499975,-2.7,134.2499986,9,0
10.79999924,7.199999809,-1.799999716,-2.699999812,7.249999577,3,0
6.299999714,3.599999905,-2.699999809,-2.699999809,2.749999894,2,0
2.6999998,0,-2.6999998,-2.6999998,0.749999944,2,0
3.6,0,-1.8,-2.6999998,1.749999944,3,0
7.2,0,-1.44,-2.6999997,5.999999861,6,0
16.199999,13.5,-2.699999,-2.699999,8.249999722,2,0
26.099998,17.1,-1.499999667,-2.699999,42.24999833,7,0
23.39999962,15.29999924,-1.350000063,-2.69999886,37.24999852,7,0
30.599998,27.9,-2.699998,-2.699998,16.24999944,2,0
56.699997,52.199997,-2.25,-2.699997,45.24999833,3,0
53.09999847,49.5,-1.799999235,-2.69999695,42.99999873,3,0
71.1,64.799995,-1.57500125,-1.800005,93.99999722,5,0
51.29999924,47.69999695,-1.800001145,-1.80000305,41.24999894,3,0
46.79999924,35.09999847,-1.170000077,-1.80000305,125.2499972,11,0
54,52.199997,-1.800003,-1.800003,29.49999917,2,0
51.3,47.699997,-1.8000015,-1.800003,41.24999917,3,0
47.699997,41.399998,-1.57499975,-1.800003,62.24999778,5,0
61.199997,45.899998,-1.390909,-1.800003,178.4999972,12,0
27.9,26.099998,-1.800002,-1.800002,14.99999944,2,0
65.7,63.899998,-1.800002,-1.800002,35.99999944,2,0
44.1,36.899998,-1.8000005,-1.800002,56.24999944,5,0
23.39999962,19.79999924,-1.80000019,-1.80000115,17.99999926,3,0
33.29999924,29.69999886,-1.200000127,-1.80000114,35.24999884,4,0
18,16.199999,-1.800001,-1.800001,9.499999722,2,0
32.399998,27.9,-1.499999333,-1.800001,33.74999917,4,0
9.9,7.2,-1.35,-1.800001,6.999999722,3,0
27,24.3,-1.35,-1.800001,21.24999972,3,0
19.8,13.5,-1.26,-1.800001,27.24999972,6,0
12.59999943,8.099999428,-1.500000001,-1.800000191,11.74999952,4,0
3.6,0,-1.8,-1.8,1.5,3,0
24.3,22.5,-1.8,-1.8,13,2,0
32.399998,30.599998,-1.8,-1.8,17.49999889,2,0
36,34.2,-1.8,-1.8,19.5,2,0
48.6,46.8,-1.8,-1.8,26.5,2,0
62.1,60.3,-1.8,-1.8,34,2,0
61.199997,54,-1.79999925,-1.8,79.99999861,5,0
30.599998,27,-1.799999,-1.8,23.99999944,3,0
26.099998,21.599998,-1.5,-1.8,26.24999889,4,0
64.799995,60.3,-1.499998333,-1.8,69.49999861,4,0
78.299995,71.1,-1.439999,-1.8,124.9999986,6,0
40.5,37.8,-1.35,-1.8,32.75,3,0
51.3,48.6,-1.35,-1.8,41.5,3,0
2.6999998,0,-1.3499999,-1.8,1.249999944,3,0
20.699999,18,-1.3499995,-1.8,16.24999972,3,0
56.699997,54,-1.3499985,-1.8,46.24999917,3,0
69.299995,63,-1.259999,-1.8,109.4999967,6,0
75.6,72,-1.2,-1.8,82,4,0
66.6,54.899998,-0.975000167,-1.8,219.2499961,13,0
1.799999952,0,-1.799999952,-1.799999952,0.499999987,2,0
8.099999,4.5,-1.199999667,-1.7999997,7.249999639,4,0
56.69999695,54.89999771,-1.79999924,-1.79999924,30.99999852,2,0
56.69999695,54,-1.349998475,-1.79999924,46.24999894,3,0
26.09999847,22.5,-1.19999949,-1.79999924,27.24999905,4,0
29.69999886,25.19999886,-1.125,-1.79999924,37.99999873,5,0
13.5,8.099999428,-1.080000114,-1.79999924,18.24999942,6,0
27,19.79999924,-1.028571537,-1.79999924,51.7499982,8,0
57.59999847,55.79999924,-1.79999923,-1.79999923,31.49999936,2,0
29.699999,27.9,-1.799999,-1.799999,15.99999972,2,0
56.699997,54.899998,-1.799999,-1.799999,30.99999861,2,0
48.6,45.899998,-1.350001,-1.799999,39.49999861,3,0
21.599998,18.9,-1.349999,-1.799999,16.99999917,3,0
62.1,57.6,-1.125,-1.799999,82.99999861,5,0
30.599998,28.8,-1.799998,-1.799998,16.49999944,2,0
50.399998,48.6,-1.799998,-1.799998,27.49999944,2,0
63.899998,62.1,-1.799998,-1.799998,34.99999944,2,0
22.5,19.8,-1.35,-1.799998,17.74999944,3,0
38.7,35.1,-1.2,-1.799998,41.24999944,4,0
78.299995,75.6,-1.3499975,-1.799995,63.99999861,3,0
79.2,78.299995,-0.900005,-0.900005,43.74999861,2,0
44.1,43.199997,-0.900003,-0.900003,24.24999917,2,0
53.1,52.199997,-0.900003,-0.900003,29.24999917,2,0
57.6,56.699997,-0.900003,-0.900003,31.74999917,2,0
58.5,56.699997,-0.9000015,-0.900003,47.99999917,3,0
53.1,51.3,-0.9,-0.900003,43.49999917,3,0
53.1,49.5,-0.9,-0.900003,71.24999861,5,0
22.5,21.599998,-0.900002,-0.900002,12.24999944,2,0
31.5,30.599998,-0.900002,-0.900002,17.24999944,2,0
46.8,45.899998,-0.900002,-0.900002,25.74999944,2,0
55.8,54.899998,-0.900002,-0.900002,30.74999944,2,0
55.8,54.899998,-0.900002,-0.900002,30.74999944,2,0
27.9,26.099998,-0.900001,-0.900002,22.49999944,3,0
27,22.5,-0.9,-0.900002,41.24999917,6,0
34.2,31.5,-0.9,-0.900002,36.49999944,4,0
46.8,45,-0.9,-0.900002,38.24999944,3,0
56.699997,54.899998,-0.8999995,-0.900002,46.49999861,3,0
52.199997,49.5,-0.899999,-0.900002,56.49999861,4,0
33.29999924,32.39999771,-0.90000153,-0.90000153,18.24999915,2,0
37.79999924,36.89999771,-0.90000153,-0.90000153,20.74999915,2,0
55.79999924,54.89999771,-0.90000153,-0.90000153,30.74999915,2,0
65.69999695,64.79999542,-0.90000153,-0.90000153,36.24999788,2,0
34.20000076,32.39999771,-0.900001525,-0.90000153,27.74999936,3,0
27.89999962,25.19999886,-0.900000253,-0.90000153,29.49999915,4,0
58.5,55.79999924,-0.900000253,-0.90000153,63.49999852,4,0
33.29999924,31.5,-0.89999962,-0.90000153,26.99999915,3,0
66.59999847,65.69999695,-0.90000152,-0.90000152,36.74999873,2,0
18,16.19999886,-0.90000057,-0.90000152,14.24999979,3,0
9,8.099999,-0.900001,-0.900001,4.749999722,2,0
11.7,10.799999,-0.900001,-0.900001,6.249999722,2,0
13.5,12.599999,-0.900001,-0.900001,7.249999722,2,0
17.1,16.199999,-0.900001,-0.900001,9.249999722,2,0
13.5,9.9,-0.9,-0.900001,16.24999944,5,0
3.6,2.6999998,-0.9000002,-0.9000002,1.749999944,2,0
6.2999997,5.3999996,-0.9000001,-0.9000001,3.249999806,2,0
7.199999809,6.299999714,-0.900000095,-0.900000095,3.749999868,2,0
0.9,0,-0.9,-0.9,0.25,2,0
1.8,0,-0.9,-0.9,0.75,3,0
1.8,0.9,-0.9,-0.9,0.75,2,0
4.5,3.6,-0.9,-0.9,2.25,2,0
9.9,9,-0.9,-0.9,5.25,2,0
14.4,13.5,-0.9,-0.9,7.75,2,0
16.199999,15.299999,-0.9,-0.9,8.749999444,2,0
18.9,18,-0.9,-0.9,10.25,2,0
19.8,17.1,-0.9,-0.9,20.5,4,0
23.4,22.5,-0.9,-0.9,12.75,2,0
23.4,22.5,-0.9,-0.9,12.75,2,0
24.3,23.4,-0.9,-0.9,13.25,2,0
27.9,27,-0.9,-0.9,15.25,2,0
28.8,27,-0.9,-0.9,23.25,3,0
32.4,30.6,-0.9,-0.9,26.25,3,0
34.2,33.3,-0.9,-0.9,18.75,2,0
35.1,34.2,-0.9,-0.9,19.25,2,0
39.6,38.7,-0.9,-0.9,21.75,2,0
45,44.1,-0.9,-0.9,24.75,2,0
49.5,48.6,-0.9,-0.9,27.25,2,0
54.9,54,-0.9,-0.9,30.25,2,0
57.6,56.7,-0.9,-0.9,31.75,2,0
57.6,55.8,-0.9,-0.9,47.25,3,0
63,62.1,-0.9,-0.9,34.75,2,0
68.4,67.5,-0.9,-0.9,37.75,2,0
75.6,74.7,-0.9,-0.9,41.75,2,0
76.5,75.6,-0.9,-0.9,42.25,2,0
25.199999,23.4,-0.8999995,-0.9,20.24999972,3,0
45.899998,44.1,-0.899999,-0.9,37.49999944,3,0
73.799995,72,-0.8999975,-0.9,60.74999861,3,0
2.699999809,1.799999952,-0.899999857,-0.899999857,1.249999934,2,0
10.79999924,9.899999619,-0.899999621,-0.899999621,5.749999683,2,0
16.19999886,14.39999962,-0.89999962,-0.89999962,12.74999937,3,0
18.89999962,18,-0.89999962,-0.89999962,10.24999989,2,0
19.79999924,18.89999962,-0.89999962,-0.89999962,10.74999968,2,0
29.69999886,28.79999924,-0.89999962,-0.89999962,16.24999947,2,0
5.3999996,4.5,-0.8999996,-0.8999996,2.749999889,2,0
8.099999,7.2,-0.899999,-0.899999,4.249999722,2,0
15.299999,14.4,-0.899999,-0.899999,8.249999722,2,0
15.299999,14.4,-0.899999,-0.899999,8.249999722,2,0
20.699999,19.8,-0.899999,-0.899999,11.24999972,2,0
21.599998,20.699999,-0.899999,-0.899999,11.74999917,2,0
26.099998,25.199999,-0.899999,-0.899999,14.24999917,2,0
26.099998,24.3,-0.899999,-0.899999,20.99999917,3,0
32.399998,31.5,-0.899998,-0.899998,17.74999944,2,0
41.399998,40.5,-0.899998,-0.899998,22.74999944,2,0
45.899998,45,-0.899998,-0.899998,25.24999944,2,0
45.899998,45,-0.899998,-0.899998,25.24999944,2,0
50.399998,49.5,-0.899998,-0.899998,27.74999944,2,0
54.899998,54,-0.899998,-0.899998,30.24999944,2,0
36.89999771,36,-0.89999771,-0.89999771,20.24999936,2,0
43.19999695,42.29999924,-0.89999771,-0.89999771,23.74999894,2,0
50.39999771,49.5,-0.89999771,-0.89999771,27.74999936,2,0
61.19999695,60.29999924,-0.89999771,-0.89999771,33.74999894,2,0
43.199997,42.3,-0.899997,-0.899997,23.74999917,2,0
47.699997,46.8,-0.899997,-0.899997,26.24999917,2,0
82.799995,81.9,-0.899995,-0.899995,45.74999861,2,0
16.2249794,14.76109791,-0.731940745,-0.74079418,12.90840626,3,0
56.270603,0,-28.1353015,-46.072006,28.4285025,3,1
41.061848,0,-41.061848,-41.061848,11.40606889,2,1
45.516403,0,-7.586067167,-37.511456,67.03366694,7,1
63.966156,0,-5.330513,-30.001295,161.4367586,13,1
31.735727,0,-10.57857567,-29.441807,25.55539222,4,1
31.21158,0,-10.40386,-28.069338,24.70414306,4,1
67.52528,0,-3.751404444,-27.747456,223.5029811,19,1
29.220182,0,-4.870030333,-27.115658,47.53584833,7,1
46.009743,0,-9.2019486,-26.62602,47.49928667,6,1
25.633856,0,-25.633856,-25.633856,7.120515556,2,1
31.367655,0,-2.412896538,-25.374035,101.8960325,14,1
29.30468,0,-3.256075556,-24.422216,68.54790472,10,1
25.5964,0,-8.532133333,-24.389275,20.90685917,4,1
32.209976,0,-5.368329333,-24.369963,45.52064861,7,1
24.32804,0,-24.32804,-24.32804,6.757788889,2,1
35.978985,0,-8.99474625,-23.653046,33.80674361,5,1
23.947475,0,-5.98686875,-22.678804,26.13847639,5,1
22.238628,0.022537347,-22.21609065,-22.21609065,6.183657041,2,1
49.25234,0,-6.1565425,-21.786533,81.10503,9,1
39.567036,0,-3.043618154,-21.438473,109.4831056,14,1
20.147503,0,-5.03687575,-18.684433,21.65000472,5,1
55.665325,0,-6.185036111,-18.593787,57.493095,10,1
21.654179,0,-4.3308358,-18.476068,28.21982056,6,1
18.113012,0,-18.113012,-18.113012,5.031392222,2,1
60.659836,0,-10.10997267,-18.095012,61.51161278,7,1
24.38271,0,-12.191355,-18.06988,11.79238611,3,1
20.994041,0,-6.998013667,-17.941673,16.21807389,4,1
17.617264,0,-17.617264,-17.617264,4.893684444,2,1
55.782852,0,-4.648571,-17.525728,126.268195,13,1
23.66355,0,-7.88785,-16.861387,13.93083972,4,1
28.195253,0,-5.6390506,-16.832491,25.70218011,6,1
30.194855,0,-7.54871375,-16.583502,29.61079861,5,1
17.891386,0,-4.4728465,-16.503305,19.27440833,5,1
16.124212,0,-16.124212,-16.124212,4.478947778,2,1
16.10973,0,-16.10973,-16.10973,4.474925,2,1
17.162003,0,-5.720667667,-15.784955,13.83063889,4,1
15.764394,0,-15.764394,-15.764394,4.378998333,2,1
18.955126,0,-9.477563,-15.671307,9.618453611,3,1
61.237976,0,-5.567088727,-15.01088,117.2658089,12,1
14.621078,0,-14.621078,-14.621078,4.061410556,2,1
12.99998,0,-12.99998,-12.99998,3.611105556,2,1
40.44772,1.6362407,-6.468579883,-12.456591,28.92509947,7,1
11.920155,0,-3.973385,-11.031256,9.484594444,4,0
35.489216,9.592838,-4.316063,-10.93524,51.58660528,7,0
105.273674,88.406784,-5.622296667,-10.862316,110.0745953,4,0
44.317448,18.129322,-5.2376252,-10.789324,47.56906778,6,0
30.672564,1.1391248,-2.461119933,-10.183415,50.59548214,13,0
124.39581,98.49876,-3.23713125,-9.90775,267.4016472,9,0
46.4304,0,-3.316457143,-9.63472,129.1431993,15,0
11.690152,0,-1.670021714,-9.3979435,20.18104875,8,0
47.29868,23.936226,-4.6724908,-9.370847,65.76738972,6,0
29.080652,8.2779045,-4.1605495,-9.2758485,34.67910875,6,0
22.71,10.79999924,-2.382000152,-9.21,29.18888868,6,0
21.530313,0.37194166,-5.289592835,-9.201729,12.84312732,5,0
70.516235,27.994898,-2.657583563,-9.019532,234.4309736,17,0
20.97437,0.18453144,-2.59872982,-9.008992,15.02280348,9,0
90.82882,70.46944,-3.39323,-8.684334,164.8815822,7,0
43.288837,27.66105,-2.604631167,-8.305121,73.38453111,7,0
13.0933895,0,-6.54669475,-8.053384,5.87410375,3,0
52.315376,44.287132,-8.028244,-8.028244,26.83403,2,0
12.59999943,1.799999952,-3.599999826,-7.909999667,9.427777394,4,0
28.845318,13.345288,-3.100006,-7.857321,35.36883944,6,0
34.80718,18.46547,-4.0854275,-7.85397,36.97385556,5,0
60.37998,0,-6.037998,-7.50939,46.51330472,11,0
86.26415,77.51687,-4.37364,-7.50564,67.37209167,3,0
81.1344,35.845646,-2.830547125,-7.457497,306.1687014,17,0
9.319723,0,-2.32993075,-7.404987,9.030796944,5,0
36.79445,0,-3.066204167,-7.330852,74.12470417,13,0
43.88166,24.326036,-3.9111248,-7.321507,61.69245611,6,0
68.00324,34.73986,-2.771948333,-7.26638,191.2200033,13,0
101.109085,88.454865,-2.530844,-7.201614,159.6318822,6,0
51.132813,42.66527,-1.6935086,-7.107714,81.65974333,6,0
34.18468,0,-2.441762857,-6.8724139,74.51208142,15,0
33.61112,18.539019,-1.674677889,-6.841185,66.92677889,10,0
62.01293,0,-3.647819412,-6.813944,169.3595605,18,0
6.786606,0,-6.786606,-6.786606,1.885168333,2,0
107.59379,100.24881,-2.448326667,-6.758135,113.5951025,4,0
56.864082,50.137188,-6.726894,-6.726894,29.722575,2,0
24.70999924,18,-6.70999924,-6.70999924,11.86388868,2,0
8.474238,0,-1.210605429,-6.659931,14.64540892,8,0
45.895836,31.43541,-2.8920852,-6.587546,64.76622944,6,0
35.48325,22.938274,-2.5089952,-6.570849,45.03281611,6,0
52.683212,36.742924,-2.656714667,-6.56833,87.75124917,7,0
9.336106,0,-4.668053,-6.490692,3.383755556,3,0
63.92877,39.00176,-2.077250833,-6.459027,194.8330992,13,0
6.407719,0,-6.407719,-6.407719,1.779921944,2,0
55.651867,34.661896,-3.4983285,-6.404674,86.93482361,7,0
42.097603,33.20371,-2.22347325,-6.393444,52.84957278,5,0
10.037481,0,-5.0187405,-6.15051,4.496664167,3,0
11.692166,0,-2.9230415,-6.1358043,7.674487972,5,0
61.35638,55.119564,-3.118408,-6.118266,49.36493722,3,0
6.305367,0,-3.1526835,-5.9520626,3.404841556,3,0
54.09994,34.051228,-2.0048712,-5.897713,132.3753064,11,0
75.70459,69.82269,-5.8819,-5.8819,40.42424444,2,0
96.87898,88.7812,-4.04889,-5.87498,76.85116111,3,0
86.700066,74.59481,-3.026314,-5.84979,114.9641767,5,0
102.56315,96.748146,-5.815004,-5.815004,55.36424889,2,0
29.622734,11.361727,-0.961105632,-5.80707,87.98541931,20,0
5.7921567,0,-5.7921567,-5.7921567,1.608932417,2,0
47.724255,40.435593,-1.8221655,-5.783214,63.33162222,5,0
53.82938,47.943142,-2.943119,-5.770206,41.61991556,3,0
38.41053,26.553387,-2.96428575,-5.740813,42.52142222,5,0
39.23283,27.393776,-2.592028,-5.723366,35.8455,8,0
64.70665,56.462463,-2.748062333,-5.703495,67.89233833,4,0
54.731552,41.868977,-1.837510714,-5.606946,106.1965356,8,0
60.268906,52.38696,-3.940973,-5.554206,47.38806444,3,0
56.241543,50.625267,-1.872092,-5.54422,57.84524083,4,0
39.176918,33.642807,-5.534111,-5.534111,20.22770139,2,0
6.622002,0,-3.311001,-5.4703562,2.159346611,3,0
42.500668,29.398294,-1.871767714,-5.451447,82.82476056,8,0
5.399999619,0.03,-5.369999619,-5.369999619,1.508333228,2,0
5.336848,0,-5.336848,-5.336848,1.482457778,2,0
111.305916,102.87427,-2.810548667,-5.33413,118.8160433,4,0
48.699932,41.22482,-2.491704,-5.318607,50.95110528,4,0
53.866344,48.56912,-5.297224,-5.297224,28.45429556,2,0
47.69999695,41.49999924,-3.099998855,-5.26999771,37.76944254,3,0
38.52554,30.352312,-2.043307,-5.20333,47.64400889,5,0
41.14000076,35.95000076,-5.19,-5.19,21.41388931,2,0
16.609575,4.0065575,-3.150754375,-5.16467,15.92730792,5,0
57.33999695,51.53999847,-2.89999924,-5.15999848,45.99444233,3,0
100.24822,95.113884,-5.134336,-5.134336,54.26725111,2,0
5.0672836,0,-5.0672836,-5.0672836,1.407578778,2,0
119.92257,110.46389,-4.72934,-5.01064,96.07249722,3,0
81.193924,62.62995,-1.8563974,-4.990224,214.8079258,11,0
100.47016,86.018166,-3.6129985,-4.98842,129.9838128,5,0
43.535522,26.095467,-2.906675833,-4.977464,65.01234222,7,0
44.287132,31.206713,-2.6160838,-4.973025,62.41717278,6,0
91.99248,82.85119,-4.570645,-4.96197,72.74282778,3,0
126.27995,121.327705,-4.952245,-4.952245,68.77990417,2,0
56.462463,46.882504,-3.193319667,-4.913162,58.73520361,4,0
42.10999771,37.23999695,-4.87000076,-4.87000076,22.04166518,2,0
40.961628,21.20839,-2.46915475,-4.855795,83.11627528,9,0
4.848013,0,-4.848013,-4.848013,1.346670278,2,0
54.33,49.17,-2.58,-4.83,43.75,3,0
5.260843,0,-1.0521686,-4.7994337,6.989030667,6,0
69.3515,64.589874,-4.761626,-4.761626,37.20593722,2,0
4.7367897,0,-4.7367897,-4.7367897,1.315774917,2,0
46.882504,42.162434,-4.72007,-4.72007,24.734705,2,0
17.340416,12.633201,-4.707215,-4.707215,8.326004722,2,0
45.36444,38.91171,-2.15091,-4.702693,45.988065,4,0
42.74444,16.242622,-2.6501818,-4.696882,91.4777725,11,0
35.85959,0,-2.109387647,-4.68272,84.64704478,18,0
65.25374,59.320095,-1.977881667,-4.66057,68.1566875,4,0
46.478703,37.852196,-4.3132535,-4.654883,35.0429775,3,0
64.876526,56.270603,-1.7211846,-4.613594,103.5300094,6,0
100.70243,92.6351,-2.68911,-4.60243,106.9845056,4,0
35.214497,19.566008,-3.1296978,-4.580172,44.30907667,6,0
61.51887,53.371597,-2.715757667,-4.5521,63.84091306,4,0
75.19609,69.496826,-2.849632,-4.54565,59.81759889,3,0
21.097425,12.133476,-2.987983,-4.542402,17.42576278,4,0
92.20813,77.47561,-2.104645714,-4.521209,188.2268281,8,0
114.938385,110.50529,-4.433095,-4.433095,62.62324306,2,0
51.869526,47.445496,-4.42403,-4.42403,27.58750611,2,0
112.68035,104.80364,-3.938355,-4.3982,90.49059444,3,0
83.262955,78.86788,-4.395075,-4.395075,45.03634306,2,0
107.88464,100.221176,-1.915866,-4.35498,143.3580406,5,0
101.69354,97.354065,-4.339475,-4.339475,55.29100139,2,0
71.27566,63.937298,-3.669181,-4.324755,56.15662861,3,0
41.39999771,37.10999924,-4.28999847,-4.28999847,21.80833249,2,0
97.29906,86.16293,-1.590875714,-4.283225,206.4522264,8,0
120.61485,115.978584,-2.318133,-4.27293,98.03759833,3,0
104.56569,99.094955,-1.823578333,-4.2592,112.0138125,4,0
101.68276,97.4346,-4.24816,-4.24816,55.31037778,2,0
7.3998446,0,-3.6999223,-4.2185771,2.939197806,3,0
69.02418,63.59094,-2.71662,-4.214625,54.8401875,3,0
105.74005,101.559784,-4.180266,-4.180266,57.58328722,2,0
104.617355,100.442055,-4.1753,-4.1753,56.96094722,2,0
62.308067,31.662834,-1.22580932,-4.147756,356.5456453,26,0
107.04929,94.73021,-1.759868571,-4.13676,228.4016239,8,0
104.06738,98.81917,-2.624105,-4.136334,84.11599889,3,0
4.2644205,0.1500751,-4.1143454,-4.1143454,1.226248778,2,0
110.193825,106.068016,-2.0629045,-4.081745,89.54831139,3,0
44.47999695,40.39999771,-4.07999924,-4.07999924,23.57777629,2,0
50.475853,43.268375,-2.402492667,-4.078671,51.77716556,4,0
52.96812,45.53635,-2.477256667,-4.075008,53.75069056,4,0
21.518074,14.543831,-2.324747667,-4.060766,19.17974417,4,0
20.24999962,16.19999886,-4.05000076,-4.05000076,10.12499958,2,0
108.15642,103.70325,-2.226585,-4.04948,88.78122222,3,0
65.426765,61.19062,-2.1180725,-4.041515,52.22295417,3,0
103.354095,89.6784,-1.243245,-4.03524,316.6852381,12,0
63.14722,57.565586,-2.790817,-4.02861,49.95317111,3,0
39.16408,27.03045,-2.426726,-4.007455,57.62808417,6,0
80.55706,74.79844,-1.439655,-3.99382,107.6736628,5,0
45.85887,31.08022,-1.84733125,-3.976873,95.42743472,9,0
52.1674,48.190834,-3.976566,-3.976566,27.87728722,2,0
54.986477,46.21699,-2.19237175,-3.97361,69.81102417,5,0
10.185731,0,-1.697621833,-3.9050545,10.470348,7,0
71.36392,67.36681,-1.998555,-3.89856,58.33225,3,0
28.23537,24.338839,-3.896531,-3.896531,14.60394694,2,0
17.425018,9.80294,-1.9055195,-3.895792,18.23926278,5,0
63.515087,56.755535,-2.253184,-3.888563,66.88012917,4,0
117.49599,112.34956,-1.715476667,-3.88419,126.69655,4,0
54.402355,50.5264,-3.875955,-3.875955,29.14687639,2,0
59.01653,52.95686,-2.01989,-3.85614,61.71548694,4,0
111.97724,105.883484,-2.031252,-3.85182,119.9814094,4,0
6.041185,2.1907885,-3.8503965,-3.8503965,2.286659306,2,0
97.382164,93.54861,-3.833554,-3.833554,53.03632611,2,0
74.74813,68.32262,-1.6063775,-3.8322,99.25329167,5,0
96.35778,92.48333,-1.937225,-3.824875,79.20814306,3,0
50.39697,43.269142,-1.187971333,-3.824583,90.5974125,7,0
4.5147223,0.086723335,-2.213999483,-3.81941314,1.471320776,3,0
5.4785256,1.680042,-3.7984836,-3.7984836,1.988491,2,0
109.3138,105.53699,-3.77681,-3.77681,59.680775,2,0
91.29828,80.45881,-2.7098675,-3.756125,119.3720778,5,0
116.05788,107.43931,-2.872856667,-3.740524,123.728815,4,0
41.52999771,37.79000076,-3.73999695,-3.73999695,22.03333291,2,0
84.66381,80.934525,-3.729285,-3.729285,45.9995375,2,0
54.653915,47.0022,-1.093102143,-3.720367,113.0725753,8,0
108.79291,101.586685,-2.402075,-3.71988,115.9477375,4,0
64.934555,61.224876,-3.709679,-3.709679,35.04428639,2,0
40.146183,36.389816,-1.252122333,-3.702797,41.50565556,4,0
35.691578,31.91682,-1.887379,-3.69669,28.67275222,3,0
27.532719,20.86822,-1.66612475,-3.67994,33.38248556,5,0
106.50205,102.82531,-3.67674,-3.67674,58.14648889,2,0
105.82364,102.10141,-1.861115,-3.67535,86.13148333,3,0
51.32559,47.179638,-2.072976,-3.668848,40.60054722,3,0
66.26272,48.265987,-1.7996733,-3.65791,172.7688561,11,0
105.53465,101.22678,-2.153935,-3.62016,86.55788056,3,0
70.30667,66.69864,-3.60803,-3.60803,38.05703056,2,0
99.33187,95.24102,-1.363616667,-3.58754,107.1690028,4,0
25.856043,16.62917,-1.537812167,-3.582611,42.49543472,7,0
109.988686,105.60057,-1.097029,-3.58053,149.9785544,5,0
105.52298,101.94503,-3.57795,-3.57795,57.63000278,2,0
90.535835,71.04211,-1.499517308,-3.57746,317.1125594,14,0
42.793438,39.222275,-3.571163,-3.571163,22.7821425,2,0
99.67917,96.1134,-3.56577,-3.56577,54.386825,2,0
115.36625,108.72605,-1.66005,-3.55745,154.8026322,5,0
113.78604,107.24209,-2.181316667,-3.53916,123.1130972,4,0
100.49726,96.134026,-1.454411333,-3.533054,110.1885169,4,0
36.92056,32.445705,-0.894971,-3.52248,58.71146194,6,0
55.82861,52.294174,-1.767218,-3.517373,44.56500583,3,0
117.45571,113.93921,-3.5165,-3.5165,64.27636667,2,0
59.515102,56.00993,-3.505172,-3.505172,32.09028667,2,0
68.49609,63.870087,-2.3130015,-3.504123,55.48344083,3,0
45.351437,41.87426,-3.477177,-3.477177,24.22936028,2,0
38.207478,34.73781,-1.734834,-3.46413,30.87423,3,0
59.64999771,56.19999695,-3.45000076,-3.45000076,32.18055407,2,0
128.08722,124.65353,-3.43369,-3.43369,70.20576389,2,0
40.42736,36.9945,-3.43286,-3.43286,21.50607222,2,0
99.8017,96.37399,-3.42771,-3.42771,54.49324722,2,0
42.820652,32.18768,-1.772162,-3.397388,71.50411444,7,0
95.57395,92.10184,-1.736055,-3.39724,78.65968611,3,0
119.86853,108.97895,-2.177916,-3.39117,191.7717236,6,0
38.880157,34.485928,-1.464743,-3.382816,40.5143525,4,0
93.35826,87.88728,-2.73549,-3.37313,75.69609722,3,0
26.45597,23.08442,-3.37155,-3.37155,13.76121944,2,0
42.06999771,37.62000076,-2.224998475,-3.36999695,32.8861109,3,0
62.012314,58.104527,-1.9538935,-3.350744,49.66066972,3,0
114.147194,110.797325,-3.349869,-3.349869,62.48458861,2,0
104.30116,98.321526,-1.993211333,-3.34983,111.81076,4,0
70.51038,66.98968,-1.76035,-3.33728,57.72972778,3,0
97.46114,91.19793,-1.5658025,-3.33342,131.1209233,5,0
54.89999771,51.59999924,-3.29999847,-3.29999847,29.58333249,2,0
49.684597,46.38775,-3.296847,-3.296847,26.68676306,2,0
106.12866,100.20967,-1.972996667,-3.28797,114.122625,4,0
113.63632,108.929756,-1.568854667,-3.286624,124.2286367,4,0
11.30999924,4.5,-1.134999873,-3.279999431,16.39999921,7,0
48.673523,45.41388,-3.259643,-3.259643,26.13538972,2,0
113.92376,108.2962,-1.875853333,-3.251465,122.8962153,4,0
85.13927,77.37519,-1.94102,-3.23838,113.0895472,5,0
106.3269,103.09146,-3.23544,-3.23544,58.17176667,2,0
111.33264,108.098785,-3.233855,-3.233855,60.95317361,2,0
84.87274,79.26244,-1.8701,-3.233084,90.63174611,4,0
22.84,19.61999924,-3.22000076,-3.22000076,11.79444423,2,0
100.83688,97.03203,-1.902425,-3.18949,82.80289722,3,0
43.854725,40.66796,-3.186765,-3.186765,23.47852361,2,0
111.06619,107.88398,-3.18221,-3.18221,60.81949167,2,0
42.77999847,39.27,-1.754999235,-3.18,33.79166582,3,0
98.23911,94.9391,-1.650005,-3.174975,80.91452361,3,0
46.235256,40.236378,-0.74985975,-3.169098,112.3237972,9,0
45,41.18999771,-1.905001145,-3.16000229,35.56388762,3,0
31.604218,28.371536,-1.616341,-3.134629,25.41164417,3,0
109.37111,106.22111,-1.575,-3.12134,90.25963056,3,0
49.155582,44.43425,-1.180333,-3.120084,65.86751333,5,0
52.72371,44.415287,-1.6616846,-3.116223,79.98024778,6,0
62.448658,53.578888,-0.7391475,-3.115082,210.6746167,13,0
105.28965,102.19346,-3.09619,-3.09619,57.63419722,2,0
105.50647,100.14729,-2.67959,-3.09303,85.80391111,3,0
44.652245,39.344852,-1.769131,-3.090957,47.23646278,4,0
97.101875,89.86441,-1.447493,-3.08262,156.5027886,6,0
112.75886,107.88577,-2.436545,-3.07349,92.11219167,3,0
70.29294,67.220505,-3.072435,-3.072435,38.19817917,2,0
72.6131,69.5502,-3.0629,-3.0629,39.48980556,2,0
103.82739,99.178116,-2.324637,-3.062204,84.79050722,3,0
104.41959,97.19614,-2.407816667,-3.054135,112.4469403,4,0
90.52775,87.091896,-1.145284667,-3.023836,97.89562778,4,0
108.46042,102.80739,-1.4132575,-3.023355,145.7879653,5,0
103.96097,99.93187,-2.01455,-3.01912,84.67630278,3,0
7.3450537,0.85149896,-2.164518247,-3.0161497,4.247091294,4,0
29.237534,26.22272,-3.014814,-3.014814,15.40562611,2,0
111.13742,103.641884,-1.873884,-3.00221,148.4283206,5,0
54.100994,51.101532,-2.999462,-2.999462,29.22292389,2,0
75.07216,72.07547,-2.99669,-2.99669,40.87434167,2,0
115.47865,111.55229,-1.96318,-2.994974,94.88283444,3,0
99.037704,94.26751,-1.590064667,-2.98685,107.9929108,4,0
102.19349,98.09728,-2.048105,-2.98434,83.19442222,3,0
101.614975,95.017624,-2.199117,-2.972975,109.1875053,4,0
62.301727,56.195896,-1.0176385,-2.969414,116.9696131,7,0
16.66999886,13.5,-1.58499943,-2.95999886,12.95277714,3,0
102.99926,93.26321,-1.622675,-2.9585,190.7772969,7,0
7.377871,1.7613934,-2.8082388,-2.957743,3.766497889,3,0
55.42672,50.804867,-1.540617667,-2.948963,59.81557028,4,0
109.9554,103.10505,-2.28345,-2.94511,118.5637694,4,0
50.649776,47.63408,-1.507848,-2.94062,40.55361444,3,0
105.09488,85.96582,-1.912906,-2.938344,289.4862758,11,0
102.90935,99.38208,-1.763635,-2.92646,84.61110278,3,0
42.143898,35.570503,-0.939056429,-2.924624,87.28533889,8,0
38.68825,35.766834,-2.921416,-2.921416,20.68196778,2,0
104.10839,95.563995,-1.220627857,-2.919205,222.3263317,8,0
49.32993,46.41166,-2.91827,-2.91827,26.59488611,2,0
92.57402,85.58217,-1.7479625,-2.912635,123.1390486,5,0
83.93738,78.102425,-0.9724925,-2.90268,156.7772331,7,0
56.840927,53.951767,-2.88916,-2.88916,30.77574833,2,0
54.1157,48.502403,-1.40332425,-2.868352,71.36186417,5,0
100.22082,97.35295,-2.86787,-2.86787,54.88160278,2,0
48.522488,45.545605,-0.992294333,-2.864758,52.2341125,4,0
43.320606,38.90703,-2.206788,-2.8597,34.44287944,3,0
75.67625,69.2715,-1.28095,-2.8482,119.6377778,6,0
103.479454,96.533615,-1.3891678,-2.846581,166.4957661,6,0
100.062386,94.19823,-1.954718667,-2.844625,107.2258225,4,0
77.96132,75.124214,-2.837106,-2.837106,42.52375944,2,0
90.998856,86.49558,-1.501092,-2.83297,98.27846167,4,0
50.61036,47.720882,-1.444739,-2.82478,41.35469556,3,0
6.299999714,3.479999905,-2.819999809,-2.819999809,2.716666561,2,0
55.878872,52.904903,-1.4869845,-2.813995,44.95795889,3,0
20.36999924,17.55999962,-2.80999962,-2.80999962,10.53611079,2,0
112.80765,110.006035,-2.801615,-2.801615,61.89269028,2,0
75.05469,69.097,-1.985896667,-2.799655,79.82487194,4,0
96.207146,93.43019,-2.776956,-2.776956,52.67703778,2,0
103.08912,97.387245,-1.900625,-2.76303,111.0967458,4,0
119.13693,112.10633,-1.75765,-2.7626,160.9611333,5,0
52.93999695,49.43999924,-1.749998855,-2.75999771,42.93888698,3,0
108.30291,104.20361,-1.366433333,-2.75908,118.7021778,4,0
69.25014,64.62167,-1.542823333,-2.753925,74.64597639,4,0
34.983063,32.08575,-1.4486565,-2.750542,28.30697361,3,0
10.363751,7.388455,-1.487648,-2.749013,7.046373333,3,0
46.41766,43.684338,-2.733322,-2.733322,25.02833278,2,0
4.339772,0,-1.084943,-2.732014846,1.986063876,5,0
73.16908,69.04948,-1.0299,-2.727206,98.559465,5,0
102.15837,97.89156,-2.133405,-2.720615,83.51725139,3,0
43.84999924,40.5,-1.67499962,-2.72,34.85555513,3,0
54.68999847,48.10999847,-1.645,-2.71000077,71.53888719,5,0
42.60999924,38.16000076,-0.889999696,-2.70999848,67.36666667,6,0
44.908356,42.206738,-2.701618,-2.701618,24.19863722,2,0
58.160473,55.46343,-2.697043,-2.697043,31.56219528,2,0
117.63506,114.938385,-2.696675,-2.696675,64.60373472,2,0
55.78999771,53.09999847,-2.68999924,-2.68999924,30.24722116,2,0
78.04135,71.160164,-2.293728667,-2.68034,83.02424833,4,0
16.87735,12.857496,-0.8039708,-2.672687,23.45936514,6,0
104.823654,94.50555,-1.719684,-2.671409,193.4274931,7,0
100.929565,96.65391,-2.1378275,-2.66948,82.47412917,3,0
98.407074,95.74023,-2.666844,-2.666844,53.92980667,2,0
108.07269,104.3709,-1.23393,-2.65872,117.8379806,4,0
47.969532,39.86469,-1.350807,-2.652939,86.48397722,7,0
108.68389,106.035,-2.64889,-2.64889,59.64413611,2,0
24.165495,19.369951,-2.397772,-2.639752,18.20698583,3,0
75.72466,72.201805,-1.174285,-2.635651,82.67594472,4,0
64.05797,60.778667,-1.6396515,-2.631727,51.73968889,3,0
56.25052,53.62048,-2.63004,-2.63004,30.51972222,2,0
53.47549,49.919468,-1.778011,-2.621652,43.31557722,3,0
101.970085,99.35238,-2.617705,-2.617705,55.92290694,2,0
120.265434,116.15143,-2.057002,-2.61401,98.66175111,3,0
70.544426,67.9329,-2.611526,-2.611526,38.46592389,2,0
108.627045,104.86698,-0.94001625,-2.606751,147.2973761,5,0
83.82452,81.22134,-2.60318,-2.60318,45.84607222,2,0
4.8699355,2.2704282,-2.43496775,-2.5995073,1.983434361,3,0
105.39647,94.99215,-1.734053333,-2.59467,194.9362333,7,0
101.68163,97.41158,-2.135025,-2.593875,83.0829625,3,0
39.317535,36.2124,-1.035045,-2.568373,42.55025583,4,0
110.672935,108.10762,-2.565315,-2.565315,60.77237639,2,0
82.7867,68.02255,-0.984276667,-2.563616,337.2572417,16,0
107.244995,102.85702,-1.09699375,-2.56287,146.1170947,5,0
81.59357,79.033264,-2.560306,-2.560306,44.618565,2,0
5.3304305,0.24160375,-0.72697525,-2.56020125,8.686427792,8,0
70.72185,64.70665,-2.005066667,-2.55892,75.25671944,4,0
13.614937,9.288432,-1.442168333,-2.543398,12.96857611,4,0
44.030598,36.845,-2.395199333,-2.52689,44.95801889,4,0
44.61557,40.90434,-1.855615,-2.52326,35.44783889,3,0
71.26763,66.760056,-2.253787,-2.522334,37.78956833,3,0
96.65862,94.141754,-2.516866,-2.516866,53.00010389,2,0
61.873,58.250767,-1.8111165,-2.513493,50.24667417,3,0
83.743164,78.81996,-1.641068,-2.51082,89.76468444,4,0
107.81413,105.17531,-1.31941,-2.50548,89.07506389,3,0
64.31111,61.30136,-1.504875,-2.50283,52.61573889,3,0
119.15399,116.65158,-2.50241,-2.50241,65.50154722,2,0
56.00999924,53.31,-1.34999962,-2.48999924,45.86666624,3,0
120.749176,118.260895,-2.488281,-2.488281,66.39168639,2,0
79.22631,75.05469,-2.08581,-2.480315,64.17416528,3,0
36.74773,34.270657,-2.477073,-2.477073,19.72732972,2,0
62.42792,59.954678,-2.473242,-2.473242,33.99516611,2,0
96.61288,94.15712,-2.45576,-2.45576,52.99166667,2,0
33.628723,29.718706,-1.303339,-2.450209,35.4921525,4,0
99.89774,95.54776,-1.087495,-2.44857,136.6543597,5,0
112.451324,109.2472,-1.602062,-2.446494,92.13982056,3,0
114.36585,111.921616,-2.444234,-2.444234,62.85762944,2,0
117.265305,114.82443,-2.440875,-2.440875,64.46937083,2,0
62.61856,59.76199,-1.428285,-2.430835,50.71340972,3,0
17.141268,11.02861,-1.5281645,-2.4284105,19.64629069,5,0
99.8566,97.428406,-2.428194,-2.428194,54.80139056,2,0
13.943499,11.519522,-2.423977,-2.423977,7.073061389,2,0
35.41218,30.100042,-0.885356333,-2.41467,63.26490278,7,0
101.37471,98.40703,-1.48384,-2.40528,83.49834722,3,0
55.086422,51.40981,-1.225537333,-2.40376,59.52285889,4,0
88.91106,73.628296,-0.95517275,-2.40149,380.6600042,17,0
69.289604,56.302166,-1.443048667,-2.39547,173.0718325,10,0
110.59928,108.21185,-2.38743,-2.38743,60.78086944,2,0
81.05014,70.152664,-1.556782286,-2.37788,165.4613817,8,0
105.875404,99.46144,-1.2827928,-2.3777,171.5161039,6,0
122.50136,96.35647,-1.376046842,-2.37362,605.0640867,20,0
107.24913,103.82963,-1.139833333,-2.37086,117.7715444,4,0
109.75751,100.84263,-1.273554286,-2.370204,234.4020444,8,0
52.3334,49.96372,-2.36968,-2.36968,28.41586667,2,0
73.29455,69.89315,-1.1338,-2.36883,80.19781389,4,0
88.990776,86.625595,-2.365181,-2.365181,48.78232528,2,0
51.628082,48.002495,-1.208529,-2.364682,55.03372472,4,0
100.73738,96.13286,-1.53484,-2.352735,108.7901486,4,0
101.75468,95.55286,-1.240364,-2.342204,165.8151,6,0
80.95689,75.27499,-1.420475,-2.337525,108.1596042,5,0
102.80805,100.47205,-2.336,-2.336,56.46669444,2,0
106.1094,101.885635,-1.407921667,-2.32924,115.4165708,4,0
102.12036,98.84889,-1.635735,-2.32212,83.92785,3,0
68.28581,63.33143,-1.238595,-2.32163,91.55158333,5,0
110.358894,100.668755,-0.9690139,-2.31699,324.1718483,11,0
54,51.44999847,-1.275000765,-2.31,44.22499915,3,0
115.66693,111.838455,-1.9142375,-2.300665,94.90125139,3,0
97.135315,90.187805,-1.7368775,-2.29892,130.3318486,5,0
104.908875,97.865234,-0.880455125,-2.28912,253.4822325,9,0
104.88305,102.59554,-2.28751,-2.28751,57.63294167,2,0
104.55034,98.12797,-0.917481429,-2.279,224.5489403,8,0
87.00722,80.94118,-1.51651,-2.278936,117.4240333,5,0
59.71847,57.44223,-2.27624,-2.27624,32.54463889,2,0
108.83036,106.564514,-2.265846,-2.265846,59.83190944,2,0
96.793564,94.531044,-2.26252,-2.26252,53.14572444,2,0
29.299238,27.040857,-2.258381,-2.258381,15.65002639,2,0
90.38507,86.361664,-2.011703,-2.255446,73.71217889,3,0
85.26827,83.02498,-2.24329,-2.24329,46.748125,2,0
31.206713,28.965776,-2.240937,-2.240937,16.71458028,2,0
118.27737,114.0957,-2.090835,-2.23757,96.78135278,3,0
39.466022,35.99183,-1.158064,-2.235616,41.91629889,4,0
100.55956,98.33808,-2.22148,-2.22148,55.24934444,2,0
111.4591,108.85591,-1.301595,-2.21515,92.05168611,3,0
111.09269,107.95205,-1.04688,-2.213684,121.4585456,4,0
91.39137,88.70933,-1.34102,-2.21311,75.28420556,3,0
70.33193,68.119606,-2.212324,-2.212324,38.45876,2,0
32.08575,28.867264,-1.609243,-2.211349,25.2298375,3,0
53.681503,49.72159,-0.7919826,-2.189003,85.28912444,6,0
107.49962,105.31086,-2.18876,-2.18876,59.11402222,2,0
67.21714,64.93556,-1.14079,-2.18512,54.77353333,3,0
53.217266,49.68159,-1.767838,-2.177976,42.98845056,3,0
112.1282,96.19412,-1.062272,-2.168534,455.7687367,16,0
71.14001,68.56222,-1.288895,-2.16585,57.96566389,3,0
112.90422,108.699,-2.10261,-2.164,92.31762222,3,0
108.29216,106.131065,-2.161095,-2.161095,59.56200694,2,0
8.805708,5.8587523,-1.47347785,-2.1436937,6.296362861,3,0
39.94826,31.21158,-0.672052308,-2.138336,135.9980842,14,0
86.69859,81.114006,-1.396146,-2.126434,117.0906822,5,0
105.11514,101.56855,-1.773295,-2.110875,86.02443194,3,0
46.83937,44.73073,-2.10864,-2.10864,25.43613889,2,0
105.35325,101.92645,-1.7134,-2.09604,86.47283056,3,0
43.95812,39.891216,-1.016726,-2.0887,59.19588556,5,0
120.25247,114.281235,-0.995205833,-2.08496,228.4509569,7,0
105.91972,102.865204,-1.018172,-2.08149,115.4316678,4,0
107.06892,102.90819,-1.0401825,-2.07819,146.3612,5,0
87.503494,81.74221,-1.440321,-2.07062,117.3883511,5,0
97.07311,95.00278,-2.07033,-2.07033,53.35441389,2,0
108.28908,105.94914,-1.16997,-2.06857,89.01631389,3,0
104.47079,99.45674,-0.835675,-2.067084,198.8449211,7,0
100.15705,96.33836,-1.909345,-2.05857,81.83163611,3,0
83.666855,81.61068,-2.056175,-2.056175,45.91042639,2,0
114.57129,112.51735,-2.05394,-2.05394,63.08017778,2,0
59.65215,55.368195,-0.856791,-2.052185,95.92884917,6,0
109.463844,107.41828,-2.045564,-2.045564,60.24503444,2,0
119.28331,116.05324,-1.615035,-2.04164,97.93839444,3,0
126.06881,120.165504,-1.1806612,-2.041194,204.4609422,6,0
116.8091,113.87661,-1.466245,-2.03198,95.96189722,3,0
73.01315,70.99427,-2.01888,-2.01888,40.00206111,2,0
29.508764,26.521994,-0.99559,-2.005846,31.446935,4,0
5.117029,0.31905302,-0.599746998,-2.00495138,9.578431533,9,0
51.866455,49.864197,-2.002258,-2.002258,28.25851444,2,0
86.56772,82.946846,-1.810437,-1.990564,70.68110444,3,0
100.20842,95.973595,-1.05870625,-1.98696,136.2725764,5,0
112.13978,108.31899,-1.273596667,-1.98208,121.9522111,4,0
105.58542,102.44085,-1.04819,-1.981536,115.8079725,4,0
114.49239,110.78158,-1.855405,-1.98087,93.82930278,3,0
103.15672,101.14532,-1.0057,-1.98052,84.85506667,3,0
43.59348,40.26878,-1.108233333,-1.973592,46.75465222,4,0
107.620415,104.38135,-1.079688333,-1.966786,117.5496308,4,0
97.206604,93.80631,-1.133431333,-1.96449,106.6529789,4,0
122.6885,120.101425,-1.2935375,-1.959315,101.3474069,3,0
101.22118,96.462326,-1.586284667,-1.95612,109.5845461,4,0
100.11103,97.25155,-0.95316,-1.95272,109.8285778,4,0
119.54581,110.62576,-1.11500625,-1.95036,287.7938889,9,0
32.531273,29.817532,-0.904580333,-1.949553,34.10218944,4,0
103.2221,100.56865,-0.884483333,-1.94726,113.7573694,4,0
97.281105,95.33565,-1.945455,-1.945455,53.50465417,2,0
107.7182,104.34485,-1.12445,-1.93919,118.3336583,4,0
98.95169,95.792305,-1.5796925,-1.931556,81.04559139,3,0
72.04175,70.112656,-1.929094,-1.929094,39.487335,2,0
39.99368,38.06933,-1.92435,-1.92435,21.68416944,2,0
121.10409,119.181755,-1.922335,-1.922335,66.74606806,2,0
97.60519,95.68605,-1.91914,-1.91914,53.69201111,2,0
25.039131,23.120144,-1.918987,-1.918987,13.37757639,2,0
72.57127,67.92924,-0.928406,-1.90795,116.7761431,6,0
68.282906,65.08634,-1.065522,-1.905602,73.90980139,4,0
49.48445,47.330532,-1.076959,-1.884708,40.56395056,3,0
114.70097,112.81809,-1.88288,-1.88288,63.19973889,2,0
131.57108,119.43322,-1.011488333,-1.874354,457.0162319,13,0
35.0246,33.042507,-0.9910465,-1.86528,28.60413722,3,0
15.611833,12.896919,-0.6787285,-1.8585085,19.12774875,5,0
30.535625,26.99891,-0.442089375,-1.85407,71.38019194,9,0
43.82087,37.04141,-0.968494286,-1.846858,90.6461,8,0
40.29541,38.450512,-1.844898,-1.844898,21.87386722,2,0
31.08022,29.246689,-1.833531,-1.833531,16.75747472,2,0
104.47372,102.64205,-1.83167,-1.83167,57.53215833,2,0
105.269226,103.44085,-1.828376,-1.828376,57.97502111,2,0
65.81906,62.59835,-0.8051775,-1.820384,88.99564694,5,0
37.88394,36.06399,-1.81995,-1.81995,20.54109167,2,0
47.302284,45.47948,-0.911402,-1.818984,38.40696222,3,0
108.929276,107.11417,-1.815106,-1.815106,60.01206833,2,0
46.09421,42.667686,-1.142174667,-1.81302,48.96656444,4,0
92.594124,90.781425,-1.812699,-1.812699,50.9376525,2,0
44.14365,39.86939,-0.854852,-1.810247,70.73321833,6,0
47.3502,43.97107,-1.126376667,-1.804722,51.06653833,4,0
126.78963,118.079346,-0.967809333,-1.80265,339.2776103,10,0
109.30422,107.50159,-1.80263,-1.80263,60.22383611,2,0
50.580772,48.78069,-1.800082,-1.800082,27.60040611,2,0
57.045372,52.259865,-1.19637675,-1.794144,76.01875472,5,0
105.62576,101.16895,-0.891362,-1.78967,173.6711403,6,0
71.644714,69.85842,-1.786294,-1.786294,39.30642611,2,0
117.16205,115.37609,-1.78596,-1.78596,64.59392778,2,0
81.73666,78.9382,-1.39923,-1.78267,67.05436944,3,0
108.11007,103.985344,-1.374908667,-1.7826,117.7018844,4,0
28.11938,26.337242,-1.782138,-1.782138,15.12683944,2,0
4.9956055,0.7894898,-0.84122314,-1.7812331,3.788429556,6,0
101.488434,99.391235,-1.0485995,-1.777614,83.49735806,3,0
119.00096,116.09615,-1.452405,-1.77457,98.04661944,3,0
54.193207,52.176136,-1.0085355,-1.773744,44.5331175,3,0
95.792305,92.64649,-1.5729075,-1.766095,78.46250139,3,0
108.328804,100.33328,-0.9994405,-1.76498,259.7897817,9,0
62.365833,60.008663,-1.194779667,-1.762843,50.82707944,4,0
5.2778277,1.5783584,-0.924867325,-1.7507397,4.057313,5,0
64.82618,62.12015,-0.90201,-1.750096,70.29625667,4,0
50.043476,47.600407,-0.814356333,-1.749484,54.4147775,4,0
89.394264,87.64879,-1.745474,-1.745474,49.17862611,2,0
106.20189,104.45839,-1.7435,-1.7435,58.51674444,2,0
38.3649,36.638275,-1.726625,-1.726625,20.83421528,2,0
46.79999924,45.07999924,-1.72,-1.72,25.5222218,2,0
4.6504006,2.0053174,-1.3225416,-1.7145521,2.664324028,3,0
110.56723,108.858795,-1.708435,-1.708435,60.95167361,2,0
114.08708,112.38118,-1.7059,-1.7059,62.90785,2,0
105.85531,104.16098,-1.69433,-1.69433,58.33785833,2,0
95.64614,91.42426,-1.407293333,-1.691749,103.9490942,4,0
124.13001,120.87261,-1.0858,-1.686984,135.7322289,4,0
101.30806,98.457695,-1.4251825,-1.68278,83.16417639,3,0
104.90291,103.044655,-0.619418333,-1.682515,115.5043,4,0
40.20094,38.52379,-1.67715,-1.67715,21.86798056,2,0
81.66762,79.991936,-1.675684,-1.675684,44.90543222,2,0
113.738434,111.69176,-1.023337,-1.674654,93.74832611,3,0
4.5211406,1.089948,-0.68623852,-1.6729776,4.01586325,6,0
49.820004,48.147408,-1.672596,-1.672596,27.21317,2,0
107.14667,103.3623,-1.261456667,-1.67008,117.2077431,4,0
41.90999771,37.79999924,-1.36999949,-1.67000076,44.35555471,4,0
67.84305,64.51156,-1.665745,-1.66723,55.14816667,3,0
99.9469,96.59465,-1.117416667,-1.66679,109.2727639,4,0
106.22955,104.56774,-1.66181,-1.66181,58.55480278,2,0
97.08597,95.43115,-1.65482,-1.65482,53.47697778,2,0
88.977936,85.51147,-0.6932932,-1.65298,145.5514917,6,0
68.71279,58.34619,-0.942418182,-1.652745,213.4692125,12,0
39.59999847,37.95000076,-1.64999771,-1.64999771,21.54166645,2,0
103.517136,99.34017,-1.392322,-1.649535,112.5104669,4,0
106.93694,103.85229,-0.7711625,-1.64667,147.0289378,5,0
40.88029,39.23709,-1.6432,-1.6432,22.25482778,2,0
56.69999695,54.89999771,-0.89999962,-1.62999924,46.70277545,3,0
19.883347,18.25339,-1.629957,-1.629957,10.59353806,2,0
61.14812,58.10858,-1.51977,-1.628725,49.72055694,3,0
118.0081,115.81997,-1.094065,-1.62603,97.28059444,3,0
33.157295,31.539019,-1.618276,-1.618276,17.97119833,2,0
114.74126,113.12551,-1.61575,-1.61575,63.296325,2,0
50.08555,48.470947,-1.614603,-1.614603,27.37680472,2,0
119.73625,117.62214,-1.057055,-1.61276,98.74496667,3,0
23.658798,22.04852,-1.610278,-1.610278,12.69647722,2,0
4.098621,1.6130018,-1.2428096,-1.6058868,2.278988056,3,0
97.354614,95.02343,-0.777061333,-1.59561,106.9717594,4,0
62.702057,56.547733,-1.2308648,-1.593567,99.06783306,6,0
115.013756,113.16855,-0.922603,-1.591475,95.26175861,3,0
56.175686,53.062187,-1.037833,-1.590264,61.00382806,4,0
49.96363,48.37495,-1.58868,-1.58868,27.31627222,2,0
23.573639,20.447199,-1.042146667,-1.585642,24.37757611,4,0
34.278008,32.69513,-1.582878,-1.582878,18.60364944,2,0
43.83779,42.181835,-0.8279775,-1.58144,36.05080556,3,0
53.09999847,51.51999924,-1.57999923,-1.57999923,29.06111048,2,0
117.50107,113.03196,-0.55863875,-1.57788,288.5007878,9,0
103.59572,97.85036,-0.638373333,-1.57286,281.4264778,10,0
107.92486,106.08801,-0.918425,-1.57108,89.35332222,3,0
59.17,57.22999847,-0.970000765,-1.57000153,48.33333248,3,0
97.84788,96.29668,-1.5512,-1.5512,53.92904444,2,0
87.29382,85.19957,-1.047125,-1.54347,72.01011944,3,0
44.827175,43.25454,-0.7863175,-1.534925,36.49276806,3,0
93.34701,90.11263,-0.539063333,-1.532921,178.0138603,7,0
123.0819,121.550385,-1.531515,-1.531515,67.9534125,2,0
14.128586,11.540118,-0.862822667,-1.525104,13.97013194,4,0
47.6963,46.17297,-1.52333,-1.52333,26.07479722,2,0
106.71948,103.4733,-0.811545,-1.5206,146.0884917,5,0
98.5075,96.98742,-1.52008,-1.52008,54.30414444,2,0
78.271,76.6853,-0.79285,-1.514346,64.76554056,3,0
109.513855,107.48689,-0.675655,-1.51338,120.4797403,4,0
102.412766,98.95734,-0.6910852,-1.508924,168.0313933,6,0
109.514534,107.56342,-0.975557,-1.501154,90.30314833,3,0
43.51582,41.290245,-1.1127875,-1.498913,35.22860333,3,0
106.353516,104.063515,-0.763333667,-1.497299,116.8749006,4,0
97.49145,95.99829,-1.49316,-1.49316,53.74715,2,0
70.290535,68.798134,-1.492401,-1.492401,38.63574139,2,0
97.49783,94.7404,-1.378715,-1.48268,80.07038333,3,0
66.862335,65.38115,-1.481185,-1.481185,36.73430139,2,0
60.833878,56.340008,-0.58036225,-1.480633,98.13287333,9,0
63.920776,62.443897,-1.476879,-1.476879,35.10129806,2,0
65.51843,64.04338,-1.47505,-1.47505,35.98939167,2,0
88.44266,83.71353,-1.1822825,-1.47483,119.2518278,5,0
100.79282,99.32301,-1.46981,-1.46981,55.58773056,2,0
111.559784,110.091515,-1.468269,-1.468269,61.56980528,2,0
96.439674,91.27892,-0.860125667,-1.46814,182.5764761,7,0
65.338135,58.994823,-0.792914,-1.465005,153.1062747,9,0
49.091675,47.63068,-1.460995,-1.460995,26.86732083,2,0
100.70021,97.63408,-1.022043333,-1.45879,109.8379111,4,0
74.268585,71.54392,-0.908221667,-1.45487,80.8033875,4,0
53.83821,52.277004,-0.780603,-1.452796,44.40139278,3,0
54.16,51.46999695,-0.896667683,-1.45000152,58.79166497,4,0
112.65726,108.41103,-1.0615575,-1.44823,153.1947833,5,0
99.715164,97.82723,-0.943967,-1.44036,82.44721778,3,0
60.82999924,58.85999771,-0.985000765,-1.44000153,49.99722116,3,0
41.94,40.5,-1.44,-1.44,22.9,2,0
61.1288,58.400738,-0.454677,-1.438194,115.6468708,7,0
98.360634,96.92407,-1.436564,-1.436564,54.24575111,2,0
32.313892,30.880981,-1.432911,-1.432911,17.55413139,2,0
107.2885,105.54093,-0.873785,-1.43204,88.52385833,3,0
53.09999847,51.05999924,-1.019999615,-1.42999923,43.51388783,3,0
65.82575,62.564156,-1.087198,-1.429766,71.27625556,4,0
55.232567,52.93648,-1.1480435,-1.425527,45.147515,3,0
101.80253,99.26053,-1.271,-1.42191,83.73435556,3,0
107.50996,105.26572,-1.12212,-1.42082,88.57356111,3,0
68.849174,67.429115,-1.420059,-1.420059,37.85508028,2,0
109.56465,108.14872,-1.41593,-1.41593,60.47593611,2,0
121.443146,118.97734,-1.232903,-1.412736,100.2251561,3,0
98.747734,97.288376,-0.729679,-1.412714,81.87144444,3,0
101.274475,99.86408,-1.410395,-1.410395,55.87182083,2,0
107.280815,105.51364,-0.8835875,-1.409915,88.51815417,3,0
99.760124,98.35116,-1.408964,-1.408964,55.03091222,2,0
102.278366,100.872444,-1.405922,-1.405922,56.43078056,2,0
106.52703,103.17226,-1.118256667,-1.405315,116.6394847,4,0
29.29999886,27.89999962,-1.39999924,-1.39999924,15.88888847,2,0
49.602993,45.053356,-0.649948143,-1.39349,105.1168422,8,0
103.847565,102.46328,-1.384285,-1.384285,57.30856806,2,0
110.88916,109.50748,-1.38168,-1.38168,61.22128889,2,0
83.66256,82.28196,-1.3806,-1.3806,46.0957,2,0
38.792564,37.415287,-1.377277,-1.377277,21.1688475,2,0
105.063354,103.690994,-1.37236,-1.37236,57.98731889,2,0
45.17984,43.8123,-1.36754,-1.36754,24.72003889,2,0
86.78556,82.191734,-1.1484565,-1.357596,117.3747233,5,0
112.56181,111.20549,-1.35632,-1.35632,62.15758333,2,0
82.57672,79.16798,-0.852185,-1.348515,112.7610403,5,0
102.920135,101.57474,-1.345395,-1.345395,56.80413194,2,0
21.143103,19.80644,-1.336663,-1.336663,11.37487306,2,0
43.260406,41.453403,-0.602334333,-1.33463,47.15708861,4,0
101.11177,99.71255,-0.69961,-1.33377,83.85295556,3,0
101.31167,99.98246,-1.32921,-1.32921,55.91503611,2,0
56.33354,53.98782,-1.17286,-1.327446,46.01017389,3,0
116.33085,115.00644,-1.32441,-1.32441,64.26035833,2,0
112.03272,109.42088,-0.870613333,-1.321986,122.8032039,4,0
104.572426,102.42506,-1.073683,-1.319416,86.18069333,3,0
50.004436,47.421604,-1.291416,-1.318106,40.60159722,3,0
110.57586,108.47002,-0.52646,-1.317871,152.0011247,5,0
105.32342,103.55951,-0.881955,-1.31772,87.1556,3,0
69.91902,68.28467,-0.817175,-1.3177,57.72390556,3,0
99.40792,98.091805,-1.316115,-1.316115,54.86103472,2,0
43.16218,41.84756,-1.31462,-1.31462,23.61381667,2,0
70.15798,68.84868,-1.3093,-1.3093,38.61296111,2,0
123.690125,122.387596,-1.302529,-1.302529,68.3549225,2,0
25.154196,22.788548,-0.591412,-1.301606,32.80363083,5,0
12.124767,10.263584,-0.9305915,-1.293797,9.227589167,3,0
68.09409,66.80221,-1.29188,-1.29188,37.47119444,2,0
47.360313,44.109684,-0.81265725,-1.290996,63.65706222,5,0
116.48589,114.617325,-0.9342825,-1.28771,96.19483194,3,0
3.9784713,2.283543,-0.5649761,-1.2865026,3.551515806,4,0
57.58771,56.30236,-1.28535,-1.28535,31.63613056,2,0
89.11433,86.68985,-0.80816,-1.28312,97.79818889,4,0
4.137202,1.6369894,-0.4167021,-1.2822663,5.766005389,7,0
82.311745,81.03319,-1.278555,-1.278555,45.37359306,2,0
77.31187,73.89217,-0.68394,-1.27561,126.9121011,6,0
43.47999924,42.20999924,-1.27,-1.27,23.80277736,2,0
39.917316,38.648724,-1.268592,-1.268592,21.8239,2,0
102.28047,101.0001,-0.640185,-1.26335,84.87333889,3,0
49.15615,47.70657,-0.483193333,-1.261607,53.85598694,4,0
94.00496,92.745766,-1.259194,-1.259194,51.87520167,2,0
65.15053,62.428757,-0.907257667,-1.2586,70.74581111,4,0
4.272185,3.0138857,-1.2582993,-1.2582993,2.023908528,2,0
96.28522,93.9391,-1.17306,-1.25652,79.23695,3,0
43.235825,41.93926,-0.6482825,-1.253253,35.65766611,3,0
60.935215,59.68365,-1.251565,-1.251565,33.50524028,2,0
59.95999771,56.48999695,-0.694000152,-1.24999924,97.00277438,6,0
53.200317,51.951138,-1.249179,-1.249179,29.2087375,2,0
100.229996,98.13886,-0.697045333,-1.2489,110.4739378,4,0
102.12348,100.87705,-1.24643,-1.24643,56.38903611,2,0
120.04631,117.525475,-0.840278333,-1.245116,131.7987969,4,0
43.551865,42.307182,-1.244683,-1.244683,23.84973528,2,0
111.98722,110.743164,-1.244056,-1.244056,61.86955111,2,0
71.285545,70.04521,-1.240335,-1.240335,39.25854306,2,0
95.448265,94.209724,-1.238541,-1.238541,52.68277472,2,0
4.119891,2.474829,-0.548354,-1.2293973,3.760729639,4,0
55.344307,54.115055,-1.229252,-1.229252,30.40537833,2,0
21.065771,19.836796,-1.228975,-1.228975,11.36182417,2,0
71.8365,70.60787,-1.22863,-1.22863,39.56788056,2,0
110.02693,108.385796,-0.820567,-1.219874,91.11622111,3,0
43.246998,42.02738,-1.219618,-1.219618,23.68732722,2,0
3.856799,2.2516682,-0.5350436,-1.217822,3.082996889,4,0
34.793488,33.575775,-1.217713,-1.217713,18.99146194,2,0
98.842514,97.62507,-1.217444,-1.217444,54.57432889,2,0
113.84805,112.124626,-0.861712,-1.21628,94.05679056,3,0
99.47419,97.613335,-0.620285,-1.21585,109.4918097,4,0
115.488045,114.28069,-1.207355,-1.207355,63.82464861,2,0
73.43962,71.644714,-0.897453,-1.20642,60.36598167,3,0
117.11571,115.91581,-1.1999,-1.1999,64.73097778,2,0
47.534245,45.933235,-0.800505,-1.198643,39.05537722,3,0
33.444637,32.23027,-0.6071835,-1.194087,27.20151583,3,0
67.855286,66.66383,-1.191456,-1.191456,37.36642111,2,0
45.40582,44.219864,-1.185956,-1.185956,24.89602333,2,0
84.12237,82.228485,-0.9469425,-1.185435,69.37910417,3,0
34.250656,33.066742,-1.183914,-1.183914,18.69927722,2,0
105.64608,104.463234,-1.182846,-1.182846,58.36369833,2,0
117.37886,114.570816,-0.702011,-1.181694,161.5777961,5,0
108.44403,106.99829,-0.72287,-1.177255,89.89385139,3,0
99.80565,98.62927,-1.17638,-1.17638,55.12081111,2,0
68.12088,66.08911,-1.015885,-1.17602,55.96531111,3,0
39.440273,38.26929,-1.170983,-1.170983,21.58598972,2,0
89.27978,88.11248,-1.1673,-1.1673,49.27562778,2,0
96.33907,95.17503,-1.16404,-1.16404,53.19836111,2,0
116.401474,115.23872,-1.162754,-1.162754,64.34449833,2,0
37.142433,35.980434,-1.161999,-1.161999,20.3119075,2,0
101.72491,99.3444,-0.793503333,-1.16069,111.45095,4,0
59.42999771,58.23999771,-0.595,-1.16,49.1861092,3,0
41.56581,40.407967,-1.157843,-1.157843,22.77049361,2,0
113.07289,111.49991,-0.78649,-1.156325,93.67473194,3,0
101.98117,100.8297,-1.15147,-1.15147,56.33635278,2,0
88.78307,86.62585,-0.539305,-1.15006,122.1514528,5,0
19.79999924,18.64999962,-1.14999962,-1.14999962,10.68055524,2,0
101.286514,99.209915,-0.51914975,-1.149306,138.8889958,5,0
57.06745,54.816757,-0.750231,-1.148147,62.28426778,4,0
89.46077,88.31471,-1.14606,-1.14606,49.38207778,2,0
105.91376,104.47372,-0.72002,-1.14278,87.77888333,3,0
61.842045,60.659836,-0.5911045,-1.141404,51.19531139,3,0
60.13999771,58.99999771,-1.14,-1.14,33.09444317,2,0
15.53999943,14.39999962,-1.13999981,-1.13999981,8.316666403,2,0
69.22845,68.09065,-1.1378,-1.1378,38.14419444,2,0
100.17321,98.62192,-0.775645,-1.13493,82.73150278,3,0
83.31789,82.18511,-1.13278,-1.13278,45.97305556,2,0
51.66999924,49.53999771,-0.71000051,-1.13,56.43888719,4,0
3.9468236,1.803913,-1.0714553,-1.128806,2.412071,3,0
102.97474,101.72491,-0.624915,-1.12442,85.15276944,3,0
44.54,43.42,-1.12,-1.12,24.43333333,2,0
109.35487,107.87079,-0.74204,-1.11984,90.40574722,3,0
47.91732,46.22786,-0.84473,-1.117755,39.30299861,3,0
65.293785,64.18352,-1.110265,-1.110265,35.96591806,2,0
55.06999771,53.79,-0.639998855,-1.10999771,45.48888762,3,0
79.02591,75.411446,-0.401607111,-1.105955,214.0770278,10,0
10.471773,8.85217,-0.8098015,-1.104852,8.133601389,3,0
103.42977,101.78806,-0.820855,-1.102145,85.58556528,3,0
47.136387,46.04273,-1.093657,-1.093657,25.88308806,2,0
116.36691,115.27741,-1.0895,-1.0895,64.34564444,2,0
110.76131,109.012856,-0.874227,-1.085376,91.51391667,3,0
17.364435,14.424648,-0.73494675,-1.081127,21.69082361,5,0
107.944786,106.15727,-0.893758,-1.080711,89.15725861,3,0
102.36004,100.81118,-0.77443,-1.078225,84.5702875,3,0
3.9689956,2.126114,-0.2303602,-1.0763525,8.670559222,9,0
104.46516,103.390366,-1.074794,-1.074794,57.73764611,2,0
62.874336,61.025383,-0.9244765,-1.073852,51.58338972,3,0
112.723236,111.65251,-1.070726,-1.070726,62.32659611,2,0
28.273924,27.206676,-1.067248,-1.067248,15.41127778,2,0
95.80381,94.299034,-0.752388,-1.063064,79.12321944,3,0
3.797601,1.0224669,-0.46252235,-1.0571236,4.172249361,7,0
50.863945,48.699287,-0.721552667,-1.054683,55.51895611,4,0
56.36999924,55.31999924,-1.05,-1.05,31.02499958,2,0
88.9585,87.23413,-0.862185,-1.047906,73.465185,3,0
81.65183,80.60736,-1.04447,-1.04447,45.07199722,2,0
44.244884,43.204235,-1.040649,-1.040649,24.29142194,2,0
126.97065,125.41402,-0.518876667,-1.03989,140.4221278,4,0
115.4795,114.44099,-1.03851,-1.03851,63.86680278,2,0
69.55125,68.51931,-1.03194,-1.03194,38.35293333,2,0
5.454035,3.8790174,-0.7875088,-1.0295343,3.956001139,3,0
84.85874,83.829865,-1.028875,-1.028875,46.85794583,2,0
110.17159,109.147415,-1.024175,-1.024175,60.92194583,2,0
12.238054,10.318428,-0.4799065,-1.023317,16.03420972,5,0
71.71326,70.61246,-0.366933333,-1.02217,79.08406389,4,0
118.25869,116.90524,-0.676725,-1.01854,98.07991944,3,0
103.98876,101.49912,-0.82988,-1.016694,114.2181683,4,0
106.62706,105.12492,-0.75107,-1.00906,88.15832778,3,0
105.082825,102.85923,-0.741198333,-1.008544,115.6980497,4,0
100.62968,98.64731,-0.991185,-1.00837,83.02730556,3,0
62.555374,61.14271,-0.470888,-1.00761,68.46317778,4,0
110.75208,109.40186,-0.450073333,-1.006325,122.3215236,4,0
99.67878,98.674194,-1.004586,-1.004586,55.09804833,2,0
99.3444,97.354614,-0.4974465,-1.001456,136.7317789,5,0
41.5,40.5,-1,-1,22.77777778,2,0
39.69999847,38.59999847,-0.55,-1,32.74999873,3,0
54.89999771,53.86,-0.519998855,-0.99999771,45.44999873,3,0
95.94813,94.95073,-0.9974,-0.9974,53.02746111,2,0
106.96305,105.96827,-0.99478,-0.99478,59.14758889,2,0
100.4176,98.66582,-0.87589,-0.99263,82.91899722,3,0
57.904644,56.105354,-0.899645,-0.991692,47.52973444,3,0
38.79000076,37.79999924,-0.99000152,-0.99000152,21.275,2,0
100.768036,99.16739,-0.800323,-0.988766,83.25408222,3,0
108.01239,106.52648,-0.742955,-0.98758,89.45914722,3,0
90.271164,89.288956,-0.982208,-0.982208,49.87781111,2,0
73.72032,72.74296,-0.97736,-0.97736,40.68424444,2,0
102.49195,101.40703,-0.54246,-0.97526,84.83768611,3,0
65.689896,64.278755,-0.7055705,-0.965895,54.22591694,3,0
57.09683,54.169777,-0.73176325,-0.9655,77.18257639,5,0
99.038414,97.7016,-0.668407,-0.957094,81.894815,3,0
15.166161,14.214959,-0.951202,-0.951202,8.161422222,2,0
73.562164,72.61331,-0.948854,-0.948854,40.60429833,2,0
99.782974,98.454956,-0.664009,-0.947304,82.67783056,3,0
95.3979,94.45136,-0.94654,-0.94654,52.73590556,2,0
118.680466,117.73796,-0.942506,-0.942506,65.671785,2,0
100.20319,98.60679,-0.532133333,-0.937834,110.63148,4,0
29.541893,28.422016,-0.5599385,-0.932514,24.25512194,3,0
30.880981,29.9551,-0.925881,-0.925881,16.89891139,2,0
54.262928,52.8584,-0.468176,-0.924965,59.63514694,4,0
105.1428,102.70123,-0.813856667,-0.92272,115.4787694,4,0
104.8394,103.91721,-0.92219,-0.92219,57.98794722,2,0
60.29999924,57.71999847,-0.645000193,-0.91999924,81.90555492,5,0
73.02054,71.0982,-0.64078,-0.919315,79.92293472,4,0
22.938274,20.403107,-0.2535167,-0.918688,67.02307278,11,0
68.481606,67.56692,-0.914686,-0.914686,37.79125722,2,0
88.22027,87.30602,-0.91425,-0.91425,48.75730278,2,0
102.71722,97.59307,-0.512415,-0.913774,306.8586144,11,0
98.98394,97.03133,-0.65087,-0.90763,108.7263278,4,0
37.485977,36.57839,-0.907587,-0.907587,20.57343528,2,0
65.71207,64.80603,-0.90604,-0.90604,36.25502778,2,0
74.569374,73.41608,-0.576647,-0.905575,61.75197472,3,0
79.41565,78.51065,-0.905,-0.905,43.86841667,2,0
21.672503,20.769415,-0.903088,-0.903088,11.78942167,2,0
62.62995,61.478523,-0.5757135,-0.90234,51.80259333,3,0
18.461538,17.559351,-0.902187,-0.902187,10.0058025,2,0
28.129389,25.94993,-0.54486475,-0.899718,37.86608278,5,0
15.8324795,14.128586,-0.85194675,-0.8965635,12.47138375,3,0
10.352204,8.934748,-0.708728,-0.894505,8.087834722,3,0
73.62626,72.73212,-0.89414,-0.89414,40.65510556,2,0
124.2992,122.623215,-0.8379925,-0.88977,102.8699569,3,0
123.62176,122.73372,-0.88804,-0.88804,68.43207778,2,0
55.72199,54.824394,-0.448798,-0.878904,45.94151944,3,0
87.50426,86.625656,-0.878604,-0.878604,48.36942111,2,0
54.95648,54.078285,-0.878195,-0.878195,30.28743472,2,0
96.92241,96.04531,-0.8771,-0.8771,53.60214444,2,0
36.902485,36.026913,-0.875572,-0.875572,20.25816611,2,0
103.367966,102.49517,-0.872796,-0.872796,57.18420444,2,0
54.89999771,54.02999771,-0.87,-0.87,30.25833206,2,0
98.785706,97.91662,-0.869086,-0.869086,54.639535,2,0
116.13969,115.27156,-0.86813,-0.86813,64.28090278,2,0
68.71267,67.02726,-0.842705,-0.86796,56.55128889,3,0
48.36768,47.5014,-0.86628,-0.86628,26.6303,2,0
108.26965,106.74523,-0.50814,-0.864545,119.3326625,4,0
101.809044,100.74181,-0.533617,-0.864254,84.30434556,3,0
73.23495,71.77453,-0.73021,-0.861995,60.38400972,3,0
102.359604,100.70077,-0.552944667,-0.85033,112.8773706,4,0
56.64999924,55.16999924,-0.74,-0.85,46.56111048,3,0
68.42866,67.5855,-0.84316,-0.84316,37.78171111,2,0
40.5,39.66,-0.84,-0.84,22.26666667,2,0
32.525955,31.21428,-0.6558375,-0.839319,26.50746417,3,0
30.795288,29.111664,-0.240517714,-0.82963,66.38243389,8,0
82.21367,81.339264,-0.437203,-0.82598,68.03906222,3,0
112.093796,111.26878,-0.825016,-0.825016,62.04516,2,0
54.305862,53.482056,-0.823806,-0.823806,29.94108833,2,0
39.82484,39.00513,-0.81971,-0.81971,21.89721389,2,0
79.06702,76.69679,-0.5925575,-0.81882,108.3115361,5,0
69.14418,66.5111,-0.65827,-0.81456,94.09556944,5,0
114.735344,113.74505,-0.495147,-0.802924,95.11467056,3,0
44.01944,43.09389,-0.308516667,-0.801381,48.41096639,4,0
64.44146,63.646084,-0.795376,-0.795376,35.57987333,2,0
107.38632,106.40832,-0.489,-0.79322,88.99659444,3,0
100.951454,99.540115,-0.35283475,-0.792999,138.8372719,5,0
107.362404,105.987045,-0.6876795,-0.79216,88.92462611,3,0
109.8518,109.05983,-0.79197,-0.79197,60.80878611,2,0
37.020126,35.43067,-0.529818667,-0.79013,40.45993167,4,0
55.79999924,54.47999771,-0.660000765,-0.79000153,45.98611005,3,0
11.141278,10.352204,-0.789074,-0.789074,5.970411667,2,0
121.22198,117.888725,-0.666651,-0.78627,199.3828019,6,0
26.233232,24.32804,-0.635064,-0.784935,28.14307139,4,0
60.35432,59.14417,-0.403383333,-0.784827,66.4928575,4,0
54.89999771,54.11999771,-0.78,-0.78,30.28333206,2,0
67.567345,66.53448,-0.5164325,-0.7785,55.94855694,3,0
57.56349,56.785812,-0.777678,-0.777678,31.763695,2,0
43.27506,42.499264,-0.775796,-0.775796,23.82620111,2,0
62.19308,61.41853,-0.77455,-0.77455,34.33655833,2,0
106.07118,105.298584,-0.772596,-0.772596,58.71382333,2,0
7.329999809,6.289999714,-0.346666698,-0.770000095,7.744444206,4,0
64.07034,63.301395,-0.768945,-0.768945,35.3810375,2,0
41.297516,39.95902,-0.669248,-0.766663,33.82983028,3,0
118.60219,117.835686,-0.766504,-0.766504,65.67718778,2,0
109.742096,108.04203,-0.566688667,-0.762494,120.9254611,4,0
68.77859,68.017166,-0.761424,-0.761424,37.99882111,2,0
52.95999695,52.19999695,-0.76,-0.76,29.21110942,2,0
107.295975,106.07034,-0.6128175,-0.757875,88.8623375,3,0
57.696754,56.92411,-0.386322,-0.757494,47.65559,3,0
7.401172,6.6443386,-0.7568334,-0.7568334,3.901530722,2,0
90.11481,88.51575,-0.399765,-0.756505,124.3937403,5,0
109.59152,108.83825,-0.75327,-0.75327,60.67493611,2,0
110.36756,109.49103,-0.438265,-0.74778,91.52176944,3,0
63.1331,62.386158,-0.746942,-0.746942,34.86646056,2,0
59.83908,59.09269,-0.74639,-0.74639,33.03660278,2,0
23.890375,22.238628,-0.550582333,-0.744732,25.52767056,4,0
56.687565,55.27859,-0.7044875,-0.743805,46.64164306,3,0
118.185104,117.12344,-0.530832,-0.74239,98.10399278,3,0
60.913425,59.60871,-0.32617875,-0.738996,83.93235778,5,0
86.29983,84.67035,-0.54316,-0.73593,95.11118222,4,0
117.14286,116.40723,-0.73563,-0.73563,64.875025,2,0
96.53447,95.37672,-0.578875,-0.73299,79.92018611,3,0
54.73,54,-0.73,-0.73,30.20277778,2,0
91.24963,88.94954,-0.5750225,-0.727935,125.1977914,5,0
61.342285,60.61645,-0.725835,-0.725835,33.87742639,2,0
55.87999924,54.89999771,-0.490000765,-0.72000153,46.22222116,3,0
52.41999695,51.47999847,-0.46999924,-0.71999848,43.36110899,3,0
62.06371,61.343796,-0.719914,-0.719914,34.27986278,2,0
107.62391,106.90674,-0.71717,-0.71717,59.59184722,2,0
102.721146,102.00435,-0.716796,-0.716796,56.86819333,2,0
45.2141,44.499462,-0.714638,-0.714638,24.92043389,2,0
4.24787,3.4595997,-0.39413515,-0.7127836,3.12293225,3,0
6.329999714,5.399999619,-0.465000048,-0.710000095,4.819444153,3,0
23.248638,20.814135,-0.304312875,-0.709277,55.14084361,9,0
106.732155,105.422134,-0.6550105,-0.709252,88.4126875,3,0
97.692085,96.98539,-0.706695,-0.706695,54.07707639,2,0
48.204006,47.498096,-0.70591,-0.70591,26.58391722,2,0
66.0503,65.34649,-0.70381,-0.70381,36.49910833,2,0
88.183205,87.47959,-0.703615,-0.703615,48.79522083,2,0
116.408905,115.224525,-0.59219,-0.701981,96.54442667,3,0
49.56091,48.86019,-0.70072,-0.70072,27.33919444,2,0
48.18242,47.48218,-0.70024,-0.70024,26.5735,2,0
28.67999924,27.97999924,-0.7,-0.7,15.73888847,2,0
54.087486,53.25301,-0.417238,-0.699432,44.80359389,3,0
87.07406,86.38557,-0.68849,-0.68849,48.18323056,2,0
74.98238,73.8101,-0.234456,-0.68725,124.1509667,6,0
87.025505,86.34337,-0.682135,-0.682135,48.15802083,2,0
79.37962,78.699684,-0.679936,-0.679936,43.91091778,2,0
101.56145,100.88169,-0.67976,-0.67976,56.23420556,2,0
66.87545,66.19737,-0.67808,-0.67808,36.96467222,2,0
12.961078,11.920155,-0.5204615,-0.674214,10.32447139,3,0
38.927475,37.79505,-0.377475,-0.673586,42.80499639,4,0
52.609436,50.95927,-0.550055333,-0.672144,57.58835611,4,0
12.59999943,11.92999943,-0.67,-0.67,6.813888572,2,0
99.35014,98.683075,-0.667065,-0.667065,55.00922639,2,0
62.409454,61.74288,-0.666574,-0.666574,34.48675944,2,0
115.88925,115.22509,-0.66416,-0.66416,64.19842778,2,0
105.99352,105.33022,-0.6633,-0.6633,58.70103889,2,0
79.816956,79.15491,-0.662046,-0.662046,44.15885167,2,0
102.31069,100.36323,-0.486865,-0.66195,140.6413833,5,0
56.45999924,55.79999924,-0.66,-0.66,31.18333291,2,0
77.21325,76.55392,-0.65933,-0.65933,42.71310278,2,0
120.970535,120.31166,-0.658875,-0.658875,67.02283194,2,0
102.73823,100.56305,-0.543795,-0.65438,141.0829083,5,0
73.41608,71.98642,-0.357415,-0.65126,100.8311917,5,0
38.70000076,38.05000076,-0.65,-0.65,21.31944487,2,0
65.194374,64.54873,-0.645644,-0.645644,36.03975111,2,0
102.52509,101.88055,-0.64454,-0.64454,56.77934444,2,0
83.96955,83.32798,-0.64157,-0.64157,46.47153611,2,0
74.5647,73.92687,-0.63783,-0.63783,41.24765833,2,0
112.368065,111.73064,-0.637425,-0.637425,62.24964028,2,0
18.956549,15.611833,-0.557452667,-0.63481,33.74917472,7,0
54.48569,53.851105,-0.634585,-0.634585,30.09355417,2,0
30.20999886,29.06999886,-0.57,-0.63,24.71666572,3,0
84.54421,83.43021,-0.557,-0.629385,69.96923472,3,0
60.98367,60.35432,-0.62935,-0.62935,33.70499722,2,0
119.77336,119.14549,-0.62787,-0.62787,66.36634722,2,0
117.52591,116.32615,-0.39992,-0.625886,129.7599414,4,0
111.73712,111.11129,-0.62583,-0.62583,61.90233611,2,0
75.555145,74.68961,-0.4327675,-0.62487,62.65534306,3,0
31.827347,31.20255,-0.624797,-0.624797,17.50830472,2,0
52.295547,51.39204,-0.4517535,-0.624313,43.15522806,3,0
66.989975,66.36754,-0.622435,-0.622435,37.04375417,2,0
62.161728,61.542255,-0.619473,-0.619473,34.3622175,2,0
67.1552,66.54069,-0.61451,-0.61451,37.13774722,2,0
117.04553,115.4234,-0.4055325,-0.61242,161.2548889,5,0
82.41986,81.81456,-0.6053,-0.6053,45.62067222,2,0
98.909004,97.65054,-0.419488,-0.604394,109.1488039,4,0
106.203186,105.600845,-0.602341,-0.602341,58.83445306,2,0
54.48999847,53.4,-0.544999235,-0.6,44.96944402,3,0
110.257,109.65721,-0.59979,-0.59979,61.08728056,2,0
78.40551,77.809395,-0.596115,-0.596115,43.39302917,2,0
67.07201,66.47896,-0.59305,-0.59305,37.09749167,2,0
102.11555,100.25605,-0.3719,-0.59243,168.65301,6,0
72.966,72.37393,-0.59207,-0.59207,40.37220278,2,0
60.285393,59.117966,-0.5837135,-0.592018,49.75370639,3,0
22.755526,21.575933,-0.2359186,-0.590637,37.19748806,6,0
38.08999924,36.76999771,-0.330000383,-0.59000153,52.21110963,5,0
6.3088026,5.7237186,-0.585084,-0.585084,3.342367,2,0
119.74033,119.15818,-0.58215,-0.58215,66.36069722,2,0
54.458008,53.87678,-0.581228,-0.581228,30.09299667,2,0
110.35049,109.77212,-0.57837,-0.57837,61.14516944,2,0
59.674767,59.097244,-0.577523,-0.577523,32.99222528,2,0
99.378914,98.584656,-0.397129,-0.576594,82.43496944,3,0
98.09564,97.523384,-0.572256,-0.572256,54.33861778,2,0
104.11283,102.97474,-0.2845225,-0.56979,143.6744778,5,0
113.6748,113.10994,-0.56486,-0.56486,62.99576111,2,0
115.265144,114.70097,-0.564174,-0.564174,63.87947611,2,0
88.18308,87.62064,-0.56244,-0.56244,48.83436667,2,0
16.297318,15.737594,-0.559724,-0.559724,8.898586667,2,0
111.82007,110.88067,-0.4697,-0.55789,92.81647222,3,0
110.506546,109.95105,-0.555496,-0.555496,61.23822111,2,0
34.561275,34.008743,-0.552532,-0.552532,19.04722722,2,0
42.43999924,41.39999771,-0.520000765,-0.55,34.92499894,3,0
54.55,53.53,-0.51,-0.55,45.02222222,3,0
55.44999771,54.60999771,-0.28,-0.55,61.05277523,4,0
96.1738,95.591484,-0.291158,-0.547646,79.97344833,3,0
48.741726,48.20007,-0.541656,-0.541656,26.92827667,2,0
102.19812,101.20935,-0.32959,-0.5321,112.85995,4,0
111.887054,111.35761,-0.529444,-0.529444,62.01240667,2,0
62.792015,62.266262,-0.525753,-0.525753,34.73841028,2,0
103.53407,102.460815,-0.357751667,-0.522405,114.5703764,4,0
66.54069,66.01829,-0.5224,-0.5224,36.82193889,2,0
55.9211,54.96852,-0.317526667,-0.521768,61.64449389,4,0
56.370907,55.363754,-0.5035765,-0.515156,46.55932528,3,0
54.776722,54.261795,-0.514927,-0.514927,30.28847694,2,0
108.71339,108.20216,-0.51123,-0.51123,60.25431944,2,0
54.18,53.67,-0.51,-0.51,29.95833333,2,0
68.74803,68.11841,-0.31481,-0.509985,56.97346806,3,0
93.632385,93.123436,-0.508949,-0.508949,51.87661694,2,0
102.63402,101.83263,-0.26713,-0.506395,113.4638681,4,0
111.258965,110.75482,-0.504145,-0.504145,61.67049583,2,0
12.550942,12.014746,-0.268098,-0.501205,10.17095139,3,0
52.19999695,51.69999695,-0.5,-0.5,28.86110942,2,0
47.83999695,47.33999695,-0.5,-0.5,26.43888719,2,0
53.864414,52.478504,-0.46197,-0.498589,59.10314667,4,0
56.156235,55.662865,-0.49337,-0.49337,31.06086111,2,0
37.18109,36.687855,-0.493235,-0.493235,20.51915139,2,0
38.51567,38.03034,-0.48533,-0.48533,21.26278056,2,0
25.954636,25.472477,-0.482159,-0.482159,14.28530917,2,0
93.766525,93.2854,-0.481125,-0.481125,51.95886806,2,0
74.08893,73.25797,-0.276986667,-0.48065,81.87495833,4,0
38.70000076,38.22000076,-0.48,-0.48,21.36666709,2,0
41.68999771,40.91999924,-0.384999235,-0.47999847,34.44722074,3,0
55.48767,54.661606,-0.275354667,-0.47829,61.14043833,4,0
30.275713,29.799885,-0.475828,-0.475828,16.68766611,2,0
118.44393,117.69041,-0.37676,-0.47466,98.41650278,3,0
106.07654,105.60556,-0.47098,-0.47098,58.80058333,2,0
89.83585,89.17305,-0.3314,-0.470906,74.54829,3,0
4.82,4.35,-0.47,-0.47,2.547222222,2,0
59.54999771,58.92999771,-0.31,-0.47,49.4111092,3,0
106.78176,106.09272,-0.34452,-0.463715,88.73080972,3,0
39.893246,39.42961,-0.463636,-0.463636,22.03412667,2,0
98.78203,98.319466,-0.462564,-0.462564,54.75041556,2,0
126.23645,125.77692,-0.45953,-0.45953,70.00371389,2,0
100.98814,100.52925,-0.45889,-0.45889,55.97705278,2,0
63.769936,63.311123,-0.458813,-0.458813,35.30029417,2,0
55.62765,54.381725,-0.31148125,-0.458563,76.54883833,5,0
38.70000076,38.25000076,-0.45,-0.45,21.37500042,2,0
99.82783,99.381195,-0.446635,-0.446635,55.33584028,2,0
71.731125,71.28673,-0.444395,-0.444395,39.72718194,2,0
105.78993,105.35004,-0.43989,-0.43989,58.64999167,2,0
75.33405,74.80329,-0.26538,-0.434816,62.60429056,3,0
79.53807,79.10682,-0.43125,-0.43125,44.068025,2,0
76.8807,76.450615,-0.430085,-0.430085,42.59203194,2,0
54.43,54,-0.43,-0.43,30.11944444,2,0
106.63171,106.20286,-0.42885,-0.42885,59.12071389,2,0
12.896919,11.874743,-0.170362667,-0.42765,23.77693,7,0
118.29213,117.86458,-0.42755,-0.42755,65.59908611,2,0
59.768604,59.34335,-0.425254,-0.425254,33.08665389,2,0
86.448746,86.024666,-0.42408,-0.42408,47.90928111,2,0
98.43498,97.777435,-0.3287725,-0.422535,81.78121806,3,0
112.55694,112.13529,-0.42165,-0.42165,62.41450833,2,0
60.167797,59.746975,-0.420822,-0.420822,33.30965889,2,0
107.01602,106.59538,-0.42064,-0.42064,59.3365,2,0
109.62258,109.20351,-0.41907,-0.41907,60.785025,2,0
106.32954,105.91463,-0.41491,-0.41491,58.95671389,2,0
87.13161,86.71835,-0.41326,-0.41326,48.29165556,2,0
113.681656,113.27064,-0.411016,-0.411016,63.04230444,2,0
38.88000076,38.47000076,-0.41,-0.41,21.48611153,2,0
55.64999771,54.89999771,-0.375,-0.41,46.05277587,3,0
41.83999771,41.39999771,-0.22,-0.41,34.7361092,3,0
61.505516,60.43114,-0.358125333,-0.409833,67.7516275,4,0
116.527504,116.12086,-0.406644,-0.406644,64.62454556,2,0
86.67766,86.27115,-0.40651,-0.40651,48.04133611,2,0
91.3744,90.97074,-0.40366,-0.40366,50.65142778,2,0
92.02327,91.3182,-0.352535,-0.39706,76.37991111,3,0
55.13305,54.715233,-0.2089085,-0.395637,45.82198694,3,0
106.48034,106.006294,-0.237023,-0.395616,88.49204389,3,0
26.865623,26.47235,-0.393273,-0.393273,14.81610361,2,0
114.098625,113.705826,-0.392799,-0.392799,63.27901417,2,0
49.902744,49.36567,-0.268537,-0.391694,41.32762889,3,0
66.14643,65.75532,-0.39111,-0.39111,36.639375,2,0
39.995758,39.60585,-0.389908,-0.389908,22.11155778,2,0
107.022255,106.64039,-0.381865,-0.381865,59.35073472,2,0
4.5,4.12,-0.38,-0.38,2.394444444,2,0
100.31746,99.93927,-0.37819,-0.37819,55.62686944,2,0
88.40845,88.03048,-0.37797,-0.37797,49.01081389,2,0
95.11587,94.74242,-0.37345,-0.37345,52.73841389,2,0
69.13663,68.76441,-0.37222,-0.37222,38.30584444,2,0
50.21836,49.84615,-0.37221,-0.37221,27.79569722,2,0
52.545525,52.175007,-0.370518,-0.370518,29.08903667,2,0
68.23445,67.71595,-0.25925,-0.36932,56.615425,3,0
105.62289,105.117584,-0.252653,-0.365726,87.77712167,3,0
38.630074,38.26482,-0.365254,-0.365254,21.35969278,2,0
123.373276,123.00945,-0.363826,-0.363826,68.43964611,2,0
90.40542,90.04189,-0.36353,-0.36353,50.12425278,2,0
110.20483,109.844795,-0.360035,-0.360035,61.12489583,2,0
103.64178,103.2826,-0.35918,-0.35918,57.47899444,2,0
101.04468,100.64466,-0.20001,-0.35793,83.99335833,3,0
108.685936,107.991066,-0.231623333,-0.356865,120.3707019,4,0
107.47639,107.12,-0.35639,-0.35639,59.61010833,2,0
96.37115,96.00303,-0.18406,-0.3561,80.20369722,3,0
106.97906,106.31766,-0.3307,-0.35216,88.87959444,3,0
62.27109,61.92081,-0.35028,-0.35028,34.49775,2,0
38.14999924,37.79999924,-0.35,-0.35,21.0972218,2,0
98.1097,97.76455,-0.34515,-0.34515,54.40951389,2,0
106.36015,106.01646,-0.34369,-0.34369,58.99350278,2,0
91.39048,91.04968,-0.3408,-0.3408,50.67782222,2,0
19.23999962,18.89999962,-0.34,-0.34,10.59444423,2,0
11.478808,11.109725,-0.1845415,-0.338235,9.369196111,3,0
34.53726,34.200138,-0.337122,-0.337122,19.09372167,2,0
96.01526,95.67822,-0.33704,-0.33704,53.24818889,2,0
99.730804,99.39561,-0.335194,-0.335194,55.31289278,2,0
100.531136,99.44028,-0.272714,-0.334926,138.8173156,5,0
39.528343,38.89659,-0.3158765,-0.334869,32.67177972,3,0
106.13913,105.62356,-0.257785,-0.334,88.255625,3,0
111.565,110.84325,-0.240583333,-0.33338,123.5031,4,0
99.93187,99.59985,-0.33202,-0.33202,55.42547778,2,0
59.72904,59.065514,-0.331763,-0.331932,49.49777778,3,0
21.71999847,21.26999847,-0.225,-0.33,17.94166539,3,0
127.147064,126.819725,-0.327339,-0.327339,70.54633028,2,0
95.009705,94.682495,-0.32721,-0.32721,52.69227778,2,0
58.818203,58.491806,-0.326397,-0.326397,32.58611361,2,0
126.2529,125.929214,-0.323686,-0.323686,70.05058722,2,0
86.64722,86.26314,-0.19204,-0.32149,72.08194167,3,0
40.59,40.27,-0.32,-0.32,22.46111111,2,0
108.32809,108.009254,-0.318836,-0.318836,60.09370667,2,0
78.713165,78.39454,-0.318625,-0.318625,43.64102917,2,0
105.653076,105.34052,-0.312556,-0.312556,58.60933222,2,0
64.06438,63.571625,-0.2463775,-0.310735,53.19954583,3,0
63.603657,63.29448,-0.309177,-0.309177,35.2494825,2,0
126.06505,125.758545,-0.306505,-0.306505,69.95099861,2,0
42.467888,42.119236,-0.174326,-0.305733,35.20813306,3,0
76.50596,76.186226,-0.159867,-0.305344,63.66215444,3,0
89.60091,89.29793,-0.30298,-0.30298,49.69412222,2,0
86.807434,86.50475,-0.302684,-0.302684,48.14227333,2,0
55.84999924,55.54999924,-0.3,-0.3,30.94444402,2,0
39.59999847,39.29999847,-0.3,-0.3,21.91666582,2,0
6.599999714,6.299999714,-0.3,-0.3,3.583333174,2,0
51.48999924,50.99999924,-0.245,-0.3,42.71944381,3,0
29.32766,29.02802,-0.29964,-0.29964,16.20991111,2,0
109.01162,108.71285,-0.29877,-0.29877,60.47901944,2,0
7.616113,7.317622,-0.298491,-0.298491,4.148259722,2,0
104.56485,104.27062,-0.29423,-0.29423,58.00985278,2,0
45.90791,45.614025,-0.293885,-0.293885,25.42275972,2,0
86.287964,85.78747,-0.250247,-0.29323,71.71003722,3,0
3.669999905,3.379999905,-0.29,-0.29,1.958333281,2,0
94.782135,94.49273,-0.289405,-0.289405,52.57635139,2,0
60.074463,59.747715,-0.163374,-0.288811,49.96075111,3,0
60.754234,60.466908,-0.287326,-0.287326,33.67253944,2,0
119.980286,119.44013,-0.270078,-0.28632,99.76301833,3,0
110.32096,109.22996,-0.2182,-0.28597,183.0102822,6,0
93.56249,93.27817,-0.28432,-0.28432,51.90018333,2,0
118.77838,118.494606,-0.283774,-0.283774,65.90916278,2,0
53.37999847,53.02,-0.179999235,-0.28,44.30555471,3,0
105.513916,105.23899,-0.274926,-0.274926,58.54247389,2,0
97.55811,97.28498,-0.27313,-0.27313,54.12308056,2,0
98.367874,98.09701,-0.270864,-0.270864,54.57357889,2,0
60.29999924,60.02999924,-0.27,-0.27,33.42499958,2,0
57.13999695,56.69999695,-0.22,-0.27,47.4194419,3,0
39.80121,39.532757,-0.268453,-0.268453,22.03721306,2,0
73.39688,73.13107,-0.26581,-0.26581,40.70220833,2,0
103.45843,103.01918,-0.219625,-0.26083,86.04378333,3,0
105.964874,105.70643,-0.258444,-0.258444,58.79758444,2,0
107.29706,107.04544,-0.25162,-0.25162,59.53958333,2,0
110.743164,110.49967,-0.243494,-0.243494,61.45634278,2,0
54.04,53.76,-0.14,-0.24,44.94444444,3,0
90.906456,90.66716,-0.239296,-0.239296,50.43711556,2,0
41.057907,40.818882,-0.239025,-0.239025,22.7435525,2,0
110.083496,109.8484,-0.235096,-0.235096,61.09219333,2,0
64.2468,64.014946,-0.231854,-0.231854,35.62826278,2,0
87.92882,87.61234,-0.15824,-0.22719,73.12299722,3,0
6.7891884,6.0046306,-0.130759633,-0.224595,12.27483736,7,0
107.729416,107.50697,-0.222446,-0.222446,59.787885,2,0
75.55597,75.33405,-0.22192,-0.22192,41.91389444,2,0
34.425514,34.208584,-0.21693,-0.21693,19.06502722,2,0
17.382109,17.162003,-0.110053,-0.216766,14.4230225,3,0
42.05078,41.83623,-0.21455,-0.21455,23.30194722,2,0
108.37878,108.16534,-0.21344,-0.21344,60.15114444,2,0
80.67586,80.46251,-0.21335,-0.21335,44.76065833,2,0
39.74852,39.536728,-0.211792,-0.211792,22.02368,2,0
97.139244,96.928894,-0.21035,-0.21035,53.90781611,2,0
43.16999924,42.95999924,-0.21,-0.21,23.92499958,2,0
98.41051,98.20453,-0.20598,-0.20598,54.61528889,2,0
109.69835,109.49456,-0.20379,-0.20379,60.88691944,2,0
60.795544,60.59345,-0.202094,-0.202094,33.719165,2,0
54.25,54,-0.125,-0.2,45.125,3,0
98.04189,97.8421,-0.19979,-0.19979,54.41221944,2,0
103.82963,103.63257,-0.19706,-0.19706,57.62838889,2,0
35.60826,35.413208,-0.195052,-0.195052,19.72818556,2,0
54.866825,54.672314,-0.194511,-0.194511,30.42753861,2,0
80.04555,79.855515,-0.190035,-0.190035,44.4169625,2,0
38.426407,38.2403,-0.186107,-0.186107,21.2963075,2,0
52.208893,52.023136,-0.185757,-0.185757,28.95334139,2,0
7.1992836,6.695176,-0.1260269,-0.1850224,9.614117667,5,0
78.11038,77.92553,-0.18485,-0.18485,43.34330833,2,0
66.297554,66.0443,-0.126627,-0.18337,55.15820111,3,0
54.92999771,54.74999771,-0.18,-0.18,30.46666539,2,0
57.199265,57.01934,-0.179925,-0.179925,31.72739028,2,0
117.551056,117.37237,-0.178686,-0.178686,65.25650722,2,0
112.05607,111.877686,-0.178384,-0.178384,62.20382111,2,0
27.735033,27.557535,-0.177498,-0.177498,15.35904667,2,0
102.9076,102.73758,-0.17002,-0.17002,57.12366111,2,0
103.91154,103.74239,-0.16915,-0.16915,57.68164722,2,0
100.24352,100.076004,-0.167516,-0.167516,55.64431222,2,0
111.143394,110.981285,-0.162109,-0.162109,61.70129972,2,0
68.18573,68.015205,-0.0852625,-0.160465,56.77127917,3,0
38.919388,38.75924,-0.160148,-0.160148,21.57739667,2,0
113.638145,113.478065,-0.16008,-0.16008,63.08783611,2,0
3.849999905,3.429999905,-0.105,-0.16,5.002777646,5,0
96.11854,95.939606,-0.089467,-0.15955,80.00476,3,0
49.472794,49.316326,-0.156468,-0.156468,27.44142222,2,0
3.865237,3.6454318,-0.0732684,-0.153891,4.158416056,4,0
122.20831,122.054474,-0.153836,-0.153836,67.85077333,2,0
37.94999924,37.79999924,-0.15,-0.15,21.04166624,2,0
6.299999714,6.069999714,-0.115,-0.15,5.163888651,3,0
50.506073,50.356808,-0.149265,-0.149265,28.01746694,2,0
105.39014,105.24346,-0.14668,-0.14668,58.50933333,2,0
55.96738,55.821583,-0.145797,-0.145797,31.05248972,2,0
99.0367,98.89291,-0.14379,-0.14379,54.98044722,2,0
107.34716,107.204956,-0.142204,-0.142204,59.59781,2,0
4.022698,3.8813863,-0.1413117,-0.1413117,2.195578972,2,0
92.65945,92.51429,-0.07258,-0.14104,77.17474167,3,0
57.54999847,57.40999847,-0.14,-0.14,31.93333248,2,0
6.439999714,6.299999714,-0.14,-0.14,3.53888873,2,0
56.335323,56.19661,-0.138713,-0.138713,31.25887028,2,0
102.24691,102.1103,-0.13661,-0.13661,56.76589167,2,0
53.964016,53.82938,-0.134636,-0.134636,29.94261,2,0
104.41419,104.279724,-0.134466,-0.134466,57.97053167,2,0
108.777725,108.645164,-0.132561,-0.132561,60.39524694,2,0
6.919999714,6.789999809,-0.129999905,-0.129999905,3.808333201,2,0
98.35116,98.22286,-0.1283,-0.1283,54.60389444,2,0
51.47952,51.354362,-0.125158,-0.125158,28.56496722,2,0
64.976036,64.85198,-0.124056,-0.124056,36.06333778,2,0
35.10999847,34.98999847,-0.12,-0.12,19.47222137,2,0
106.16221,106.042656,-0.119554,-0.119554,58.94579611,2,0
84.98051,84.86178,-0.11873,-0.11873,47.17841389,2,0
32.66915,32.551777,-0.117373,-0.117373,18.11692417,2,0
25.558744,25.442295,-0.116449,-0.116449,14.16695528,2,0
27.595919,27.482887,-0.113032,-0.113032,15.29966833,2,0
74.31171,74.08893,-0.11139,-0.11227,61.83384444,3,0
98.47721,98.365204,-0.112006,-0.112006,54.67844833,2,0
114.03683,113.92679,-0.11004,-0.11004,63.32322778,2,0
15.29999924,15.18999924,-0.11,-0.11,8.469444022,2,0
73.50471,73.39688,-0.10783,-0.10783,40.80599722,2,0
47.179638,47.076946,-0.102692,-0.102692,26.18238444,2,0
7.199999809,7.099999809,-0.1,-0.1,3.972222116,2,0
49.19985,49.099895,-0.099955,-0.099955,27.30548472,2,0
78.07449,77.97643,-0.09806,-0.09806,43.34747778,2,0
50.73387,50.63795,-0.09592,-0.09592,28.15883889,2,0
15.145074,15.050105,-0.094969,-0.094969,8.387549722,2,0
51.49168,51.39717,-0.09451,-0.09451,28.58023611,2,0
3.7947357,3.4454272,-0.087327125,-0.0939095,5.031213222,5,0
64.39984,64.30668,-0.09316,-0.09316,35.75181111,2,0
86.03048,85.93745,-0.09303,-0.09303,47.76886944,2,0
68.02878,67.93768,-0.0911,-0.0911,37.76846111,2,0
12.031222,11.880422,-0.0754,-0.091081,9.958829167,3,0
44.2138,44.123096,-0.090704,-0.090704,24.53802667,2,0
3.629999905,3.539999905,-0.09,-0.09,1.991666614,2,0
79.25108,79.15298,-0.04905,-0.08984,65.99036111,3,0
108.46404,108.37517,-0.08887,-0.08887,60.23311389,2,0
100.58841,100.432236,-0.078087,-0.088456,83.75572222,3,0
48.528713,48.440613,-0.0881,-0.0881,26.93592389,2,0
89.59858,89.51062,-0.08796,-0.08796,49.75255556,2,0
105.675705,105.59032,-0.085385,-0.085385,58.68500694,2,0
101.64222,101.55885,-0.08337,-0.08337,56.44474167,2,0
51.37999924,51.29999924,-0.08,-0.08,28.5222218,2,0
78.55721,78.4172,-0.070005,-0.07704,65.40405,3,0
67.306786,67.23008,-0.076706,-0.076706,37.37135167,2,0
46.729313,46.655193,-0.07412,-0.07412,25.94014056,2,0
104.447266,104.32642,-0.060423,-0.072116,86.98578778,3,0
108.94146,108.86997,-0.07149,-0.07149,60.503175,2,0
112.119354,112.048,-0.071354,-0.071354,62.26870944,2,0
3.599999905,3.529999905,-0.07,-0.07,1.980555503,2,0
50.459938,50.39197,-0.067968,-0.067968,28.01441889,2,0
70.71425,70.64706,-0.06719,-0.06719,39.26703056,2,0
116.20519,116.13969,-0.0655,-0.0655,64.54024444,2,0
104.900696,104.83617,-0.064526,-0.064526,58.26024056,2,0
38.928146,38.867344,-0.060802,-0.060802,21.60985833,2,0
48.8151,48.75504,-0.06006,-0.06006,27.10281667,2,0
109.94857,109.88875,-0.05982,-0.05982,61.06592222,2,0
55.786682,55.73011,-0.056572,-0.056572,30.97688667,2,0
57.27209,57.216843,-0.055247,-0.055247,31.80248139,2,0
44.611313,44.55722,-0.054093,-0.054093,24.76903694,2,0
108.59237,108.53861,-0.05376,-0.05376,60.31416111,2,0
24.788532,24.7382,-0.050332,-0.050332,13.75742556,2,0
3.649999905,3.599999905,-0.05,-0.05,2.013888836,2,0
109.48626,109.4381,-0.04816,-0.04816,60.81232222,2,0
80.3637,80.316055,-0.047645,-0.047645,44.63326528,2,0
77.37146,77.31187,-0.029795,-0.045895,64.45585972,3,0
102.584595,102.539185,-0.04541,-0.04541,56.97882778,2,0
7.336637,7.260593,-0.038022,-0.044825,6.084068889,3,0
68.951416,68.90672,-0.044696,-0.044696,38.29392667,2,0
109.62545,109.58095,-0.0445,-0.0445,60.89066667,2,0
63.524128,63.481888,-0.04224,-0.04224,35.27944889,2,0
12.32041,12.278745,-0.041665,-0.041665,6.833098611,2,0
30.22732,30.186731,-0.040589,-0.040589,16.78168083,2,0
3.599999905,3.559999905,-0.04,-0.04,1.988888836,2,0
31.14167,31.102583,-0.039087,-0.039087,17.29007028,2,0
3.979025,3.9419055,-0.0371195,-0.0371195,2.200258472,2,0
38.625866,38.58892,-0.036946,-0.036946,21.44855167,2,0
100.36323,100.32708,-0.03615,-0.03615,55.74730833,2,0
74.80982,74.774475,-0.035345,-0.035345,41.55119306,2,0
95.00664,94.97316,-0.03348,-0.03348,52.77216667,2,0
4.9272666,4.8943243,-0.0329423,-0.0329423,2.728219694,2,0
5.114952,5.0845532,-0.0303988,-0.0303988,2.833195889,2,0
3.578624,3.550206,-0.028418,-0.028418,1.980230556,2,0
56.203987,56.175686,-0.028301,-0.028301,31.21657583,2,0
105.637024,105.60989,-0.027134,-0.027134,58.67969833,2,0
10.675875,10.64935,-0.026525,-0.026525,5.923673611,2,0
113.29887,113.2738,-0.02507,-0.02507,62.93685278,2,0
69.28036,69.2558,-0.02456,-0.02456,38.48226667,2,0
87.38596,87.36221,-0.02375,-0.02375,48.54115833,2,0
96.1134,96.09031,-0.02309,-0.02309,53.38991944,2,0
43.695812,43.674282,-0.02153,-0.02153,24.26947056,2,0
35.975666,35.95468,-0.020986,-0.020986,19.98065167,2,0
3.599999905,3.579999905,-0.02,-0.02,1.994444392,2,0
121.50133,121.48375,-0.01758,-0.01758,67.49585556,2,0
42.335598,42.323414,-0.012184,-0.012184,23.51639222,2,0
3.609999905,3.599999905,-0.01,-0.01,2.002777725,2,0
27.111427,27.101723,-0.009704,-0.009704,15.05920833,2,0
99.959625,99.95074,-0.008885,-0.008885,55.53065694,2,0
3.5534647,3.5454047,-0.00806,-0.00806,1.971908167,2,0
105.84461,105.83686,-0.00775,-0.00775,58.80040833,2,0
90.39393,90.38753,-0.0064,-0.0064,50.21707222,2,0
51.294613,51.28828,-0.006333,-0.006333,28.49524806,2,0
99.48746,99.4815,-0.00596,-0.00596,55.26915556,2,0
99.77125,99.766365,-0.004885,-0.004885,55.42711528,2,0
110.50065,110.496376,-0.004274,-0.004274,61.38806278,2,0
29.547575,29.543661,-0.003914,-0.003914,16.41423222,2,0
34.464115,34.46385,-0.000265,-0.000265,19.14665694,2,0
