61,0,-20,-59,34,4,1
59,1,-58,-58,17,2,1
69,16,-27,-50,42,3,1
51,0,-25,-50,28,3,1
49,0,-49,-49,13,2,1
38,0,-38,-38,10,2,1
54,21,-33,-33,21,2,1
113,49,-16,-32,96,5,1
33,0,-11,-31,26,4,1
29,0,-29,-29,8,2,1
29,0,-29,-29,8,2,1
47,8,-13,-29,23,4,1
29,0,-3,-28,72,10,1
32,0,-16,-27,16,3,1
92,66,-26,-26,44,2,1
26,0,-26,-26,7,2,1
43,0,-4,-25,96,12,1
89,0,-6,-25,157,15,1
35,0,-18,-24,13,3,1
58,28,-15,-24,38,3,1
47,0,-5,-24,87,11,1
55,0,-14,-23,33,5,1
33,0,-8,-23,30,5,1
40,3,-4,-22,39,9,1
60,39,-22,-22,28,2,1
45,0,-8,-22,29,7,1
45,0,-6,-21,62,8,1
28,0,-6,-21,13,6,1
55,0,-4,-21,162,16,1
53,0,-8,-21,52,8,1
20,0,-20,-20,6,2,1
59,40,-20,-20,27,2,1
52,26,-5,-19,75,6,1
40,0,-10,-19,21,5,1
19,0,-19,-19,5,2,1
21,0,-4,-18,27,6,1
44,0,-4,-18,73,13,1
23,0,-11,-18,8,3,1
46,27,-9,-18,33,3,1
58,0,-6,-18,90,11,1
33,0,-5,-18,29,8,1
50,0,-7,-18,45,8,1
22,0,-7,-18,7,4,1
23,0,-11,-18,11,3,1
19,0,-5,-18,20,5,1
22,0,-4,-17,34,7,1
17,0,-17,-17,5,2,1
27,1,-9,-17,14,4,1
40,5,-9,-17,25,5,1
42,0,-5,-17,59,9,1
55,0,-5,-17,95,11,1
26,0,-4,-16,20,7,1
57,8,-5,-16,91,10,1
47,5,-8,-16,37,6,1
20,0,-7,-16,7,4,1
55,0,-4,-16,133,14,1
43,0,-6,-16,57,8,1
35,4,-6,-16,27,6,1
47,10,-5,-16,71,8,1
67,0,-4,-16,186,16,1
16,0,-16,-16,4,2,1
70,21,-3,-16,174,17,1
34,0,-3,-15,55,11,1
54,0,-5,-15,90,13,1
54,7,-9,-15,51,6,1
63,23,-8,-15,75,6,1
55,0,-5,-15,94,12,1
22,0,-4,-15,32,7,1
28,0,-5,-15,17,7,1
54,39,-8,-15,41,3,1
19,0,-4,-15,24,6,1
45,22,-3,-15,96,9,1
15,0,-15,-15,4,2,1
25,8,-2,-15,12,4,1
45,26,-9,-14,28,3,1
23,3,-7,-14,10,4,1
20,5,-14,-14,7,2,1
28,0,-7,-14,13,5,1
70,4,-6,-14,101,12,1
23,0,-6,-14,18,5,1
40,25,-8,-14,25,3,1
77,46,-8,-14,80,5,1
43,1,-4,-14,44,10,1
24,0,-12,-14,11,3,1
28,6,-11,-14,13,3,1
50,26,-8,-14,42,4,1
75,0,-6,-14,157,13,1
16,3,-13,-13,5,2,1
46,0,-4,-13,104,13,1
54,0,-6,-13,77,10,1
46,19,-4,-13,73,7,1
58,0,-4,-13,144,16,1
86,27,-5,-13,212,13,1
59,27,-5,-13,87,7,1
58,0,-7,-13,66,9,1
41,1,-7,-13,50,7,1
23,10,-13,-13,9,2,1
45,0,-9,-13,39,6,1
41,20,-7,-13,31,4,1
29,2,-7,-13,23,5,1
38,0,-6,-13,32,7,1
28,0,-6,-13,25,6,1
19,0,-6,-13,14,4,1
15,0,-5,-13,12,4,1
52,36,-8,-13,38,3,1
35,14,-7,-13,24,4,1
31,10,-10,-13,16,3,1
19,0,-10,-12,7,3,1
56,18,-4,-12,128,11,1
55,20,-9,-12,51,5,1
25,9,-2,-12,21,6,1
12,0,-12,-12,3,2,1
55,14,-8,-12,59,6,1
62,47,-8,-12,44,3,1
56,4,-3,-12,146,18,1
23,9,-7,-12,12,3,1
47,0,-8,-12,46,7,1
34,3,-5,-12,33,7,1
53,12,-5,-12,102,9,1
44,12,-4,-12,59,9,1
12,0,-12,-12,3,2,1
47,0,-6,-12,63,9,1
16,0,-5,-12,6,4,1
23,1,-4,-12,22,7,1
54,3,-3,-12,163,21,1
35,0,-4,-11,65,11,1
63,39,-3,-11,102,8,1
47,0,-5,-11,63,10,1
46,0,-5,-11,67,10,1
38,12,-4,-11,45,7,1
33,12,-3,-11,56,8,1
53,0,-7,-11,70,9,1
30,0,-6,-11,24,6,1
32,0,-5,-11,30,7,1
21,6,-5,-11,14,4,1
70,0,-5,-11,170,16,1
50,22,-5,-11,71,7,1
32,9,-5,-11,39,6,1
50,31,-3,-11,84,7,1
48,23,-3,-11,105,10,1
23,5,-6,-11,14,4,1
13,0,-6,-11,6,3,1
38,0,-5,-11,42,9,1
55,0,-4,-11,105,15,1
13,2,-11,-11,4,2,1
37,3,-4,-11,59,9,1
14,1,-4,-11,8,4,1
11,0,-6,-11,6,3,1
13,0,-1,-11,30,10,1
26,0,-7,-11,20,5,1
10,0,-3,-10,9,4,1
51,18,-5,-10,88,8,1
58,48,-10,-10,30,2,1
43,24,-3,-10,67,7,1
12,0,-2,-10,9,7,1
33,0,-4,-10,49,9,1
45,15,-7,-10,41,5,1
46,14,-5,-10,68,8,1
44,32,-4,-10,45,4,1
68,34,-4,-10,149,10,1
54,5,-7,-10,59,8,1
23,5,-6,-10,13,4,1
50,0,-5,-10,81,11,1
63,1,-4,-10,181,17,1
36,8,-3,-10,77,11,1
46,0,-5,-10,60,10,1
10,0,-10,-10,3,2,1
63,2,-7,-10,97,10,1
31,11,-7,-10,22,4,1
38,0,-6,-10,38,7,1
45,5,-6,-10,47,8,1
43,0,-5,-10,54,9,1
21,10,-5,-10,11,3,1
11,0,-5,-10,6,3,1
32,11,-5,-10,28,5,1
50,9,-5,-10,77,9,1
64,0,-5,-10,120,14,1
68,0,-5,-10,169,15,1
43,21,-4,-10,54,6,1
57,9,-4,-10,102,12,1
15,0,-4,-10,15,5,1
56,0,-3,-10,131,17,1
41,4,-3,-10,73,12,1
62,2,-3,-10,171,21,1
33,0,-6,-10,25,7,1
69,4,-4,-10,234,20,1
49,0,-5,-10,59,10,1
68,0,-5,-10,151,15,1
39,16,-3,-10,76,9,1
39,21,-6,-10,32,4,1
74,59,-5,-10,72,4,1
10,0,-10,-10,3,2,1
10,0,-5,-10,6,3,1
52,25,-2,-10,141,14,1
67,0,-5,-10,139,15,1
32,22,-9,-9,15,2,1
23,10,-6,-9,13,3,1
60,51,-9,-9,31,2,1
48,21,-4,-9,74,7,1
45,29,-3,-9,65,6,1
64,16,-4,-9,136,12,1
51,0,-5,-9,83,11,1
41,22,-5,-9,40,5,1
63,11,-4,-9,145,14,1
47,0,-4,-9,97,14,1
50,0,-3,-9,120,16,1
57,17,-2,-9,242,23,1
26,0,-4,-9,24,8,1
15,0,-4,-9,10,5,1
77,68,-9,-9,41,2,1
33,24,-9,-9,16,2,1
41,16,-8,-9,31,4,1
77,0,-6,-9,154,14,1
54,42,-6,-9,39,3,1
33,6,-5,-9,32,6,1
54,0,-5,-9,97,11,1
36,0,-5,-9,43,8,1
10,0,-5,-9,5,3,1
44,0,-5,-9,60,10,1
65,0,-5,-9,152,15,1
64,0,-5,-9,164,15,1
63,0,-5,-9,164,15,1
41,1,-4,-9,50,10,1
24,3,-4,-9,24,6,1
30,8,-4,-9,31,6,1
82,65,-4,-9,98,5,1
44,14,-4,-9,58,8,1
21,0,-4,-9,21,6,1
60,36,-4,-9,88,7,1
20,0,-4,-9,19,6,1
39,7,-4,-9,67,9,1
73,4,-4,-9,232,19,1
54,39,-4,-9,66,5,1
62,0,-4,-9,197,18,1
46,3,-4,-9,102,13,1
11,0,-4,-9,8,4,1
28,0,-3,-9,27,9,1
30,6,-3,-9,43,8,1
56,0,-3,-9,135,18,1
42,0,-3,-9,108,14,1
25,6,-3,-9,24,7,1
13,0,-3,-9,12,5,1
70,39,-3,-9,191,12,1
23,7,-3,-9,28,7,1
14,0,-5,-9,7,4,1
13,0,-6,-9,4,3,1
18,2,-5,-9,10,4,1
46,7,-5,-9,68,9,1
14,0,-5,-9,8,4,1
14,0,-3,-9,11,5,1
32,23,-9,-9,15,2,1
39,0,-4,-9,64,10,1
8,0,-8,-8,2,2,1
8,0,-8,-8,2,2,1
55,16,-4,-8,121,11,1
44,32,-2,-8,65,6,1
69,13,-5,-8,149,12,1
66,35,-4,-8,117,8,1
58,0,-4,-8,121,15,1
57,32,-5,-8,79,6,1
66,32,-3,-8,167,13,1
56,22,-2,-8,169,15,1
24,16,-8,-8,11,2,1
27,2,-5,-8,22,6,1
36,6,-5,-8,36,7,1
41,0,-5,-8,56,10,1
63,0,-5,-8,142,15,1
29,20,-5,-8,19,3,1
33,0,-4,-8,36,9,1
32,3,-4,-8,45,9,1
41,20,-3,-8,59,7,1
56,0,-3,-8,139,19,1
20,5,-7,-8,11,3,1
45,4,-3,-8,115,15,1
37,0,-4,-8,51,10,1
35,19,-4,-8,36,5,1
62,5,-4,-8,145,17,1
27,17,-3,-8,23,4,1
24,0,-5,-8,18,6,1
68,60,-8,-8,36,2,1
23,13,-5,-8,16,3,1
29,13,-5,-8,25,4,1
26,5,-5,-8,19,5,1
27,12,-5,-8,24,4,1
23,13,-5,-8,14,3,1
53,23,-5,-8,80,7,1
22,3,-5,-8,17,5,1
61,5,-5,-8,112,13,1
23,5,-5,-8,19,5,1
45,0,-5,-8,76,11,1
60,4,-4,-8,126,14,1
58,23,-4,-8,91,9,1
30,0,-4,-8,27,8,1
30,0,-4,-8,30,8,1
35,10,-4,-8,50,7,1
20,8,-4,-8,14,4,1
39,13,-4,-8,61,8,1
37,0,-4,-8,43,11,1
81,41,-4,-8,206,12,1
19,5,-4,-8,20,5,1
37,9,-3,-8,55,9,1
28,12,-3,-8,36,6,1
14,2,-3,-8,12,5,1
47,16,-3,-8,102,11,1
34,1,-3,-8,67,12,1
46,23,-3,-8,89,10,1
20,5,-3,-8,18,7,1
23,11,-3,-8,26,6,1
38,8,-2,-8,84,13,1
17,0,-3,-8,15,6,1
50,0,-3,-8,134,16,1
8,0,-8,-8,2,2,1
77,0,-4,-8,255,19,1
27,0,-5,-8,26,7,1
25,1,-5,-8,20,6,1
9,0,-5,-8,5,3,1
50,0,-4,-8,95,13,1
16,5,-4,-8,13,4,1
14,3,-3,-8,13,5,1
11,0,-3,-8,10,5,1
31,22,-5,-8,21,3,1
73,42,-4,-8,124,8,1
29,10,-3,-8,38,7,1
56,22,-4,-8,97,9,1
42,1,-4,-8,75,11,1
57,0,-4,-8,119,15,1
48,0,-3,-8,89,15,1
61,53,-8,-8,32,2,1
44,31,-5,-8,42,4,1
43,34,-4,-8,31,3,1
50,21,-3,-8,96,10,1
8,0,-8,-8,2,2,1
99,90,-3,-8,106,4,1
45,5,-4,-8,68,11,1
8,0,-8,-8,2,2,1
35,24,-3,-8,38,5,1
49,29,-3,-7,89,8,1
110,96,-5,-7,116,4,1
45,26,-1,-7,154,14,1
91,79,-4,-7,96,4,1
115,93,-3,-7,263,9,1
44,31,-2,-7,67,6,1
37,30,-7,-7,18,2,1
53,0,-5,-7,65,11,1
58,0,-5,-7,95,13,1
49,0,-4,-7,79,13,1
61,2,-3,-7,191,20,1
61,23,-3,-7,171,14,1
43,0,-3,-7,100,17,1
24,13,-6,-7,16,3,1
60,0,-5,-7,114,13,1
24,11,-5,-7,20,4,1
40,4,-5,-7,47,9,1
50,0,-4,-7,89,13,1
48,10,-4,-7,81,10,1
38,0,-4,-7,64,11,1
30,0,-4,-7,39,9,1
47,0,-4,-7,102,14,1
68,8,-3,-7,230,22,1
29,5,-3,-7,47,9,1
33,26,-7,-7,16,2,1
41,0,-5,-7,63,10,1
19,5,-2,-7,23,7,1
55,32,-6,-7,62,5,1
60,0,-5,-7,120,14,1
41,0,-5,-7,56,10,1
49,9,-4,-7,108,12,1
37,0,-3,-7,55,13,1
58,23,-3,-7,136,13,1
41,0,-5,-7,56,10,1
40,0,-4,-7,59,10,1
17,0,-3,-7,12,6,1
20,1,-3,-7,18,7,1
15,6,-3,-7,14,4,1
23,5,-5,-7,19,5,1
12,1,-2,-7,12,6,1
14,7,-7,-7,6,2,1
38,15,-6,-7,37,5,1
30,8,-5,-7,26,5,1
37,23,-4,-7,34,4,1
58,0,-4,-7,111,14,1
48,22,-4,-7,60,7,1
44,27,-4,-7,47,5,1
29,12,-4,-7,30,5,1
17,0,-4,-7,10,5,1
32,16,-4,-7,34,5,1
36,0,-4,-7,51,10,1
40,0,-4,-7,64,11,1
34,23,-4,-7,30,4,1
21,5,-4,-7,18,5,1
15,0,-4,-7,14,5,1
29,0,-4,-7,32,9,1
37,19,-4,-7,47,6,1
58,1,-4,-7,163,17,1
38,6,-4,-7,62,10,1
29,15,-3,-7,28,5,1
14,5,-3,-7,12,4,1
67,5,-3,-7,222,22,1
17,3,-3,-7,18,6,1
17,4,-5,-7,11,4,1
33,3,-4,-7,43,8,1
21,0,-4,-7,16,6,1
36,0,-3,-7,65,13,1
56,1,-3,-7,181,20,1
31,8,-3,-7,45,8,1
7,0,-7,-7,2,2,1
14,5,-4,-7,9,3,1
25,0,-3,-7,42,10,1
15,0,-2,-7,19,8,1
32,22,-5,-7,22,3,1
21,5,-5,-7,13,4,1
30,5,-4,-7,31,7,1
60,0,-4,-7,147,17,1
32,0,-4,-7,36,10,1
36,2,-3,-7,53,11,1
53,0,-3,-7,130,19,1
17,0,-4,-7,13,5,1
26,11,-4,-7,25,5,1
38,16,-4,-7,53,7,1
39,27,-4,-7,37,4,1
24,7,-2,-7,37,8,1
41,34,-7,-7,21,2,1
57,37,-5,-7,62,5,1
53,37,-4,-7,65,5,1
23,5,-5,-7,19,5,1
105,94,-6,-7,83,3,1
7,0,-7,-7,2,2,1
7,0,-7,-7,2,2,1
66,32,-3,-7,162,11,1
7,0,-7,-7,2,2,1
47,41,-7,-7,24,2,1
40,0,-4,-7,69,12,1
7,0,-7,-7,2,2,1
11,0,-5,-7,4,3,1
51,26,-2,-7,142,14,1
7,0,-1,-7,10,6,1
68,47,-3,-6,145,9,1
29,21,-2,-6,37,5,1
68,51,-4,-6,81,5,1
41,21,-3,-6,66,8,1
50,43,-6,-6,26,2,1
59,50,-5,-6,44,3,1
37,0,-4,-6,44,10,1
48,0,-4,-6,85,13,1
44,0,-3,-6,87,14,1
55,0,-3,-6,131,19,1
38,22,-3,-6,64,7,1
25,0,-5,-6,23,6,1
56,16,-4,-6,122,12,1
33,5,-3,-6,57,11,1
20,11,-5,-6,13,3,1
30,16,-5,-6,26,4,1
45,3,-4,-6,80,11,1
25,5,-4,-6,26,6,1
47,0,-4,-6,83,13,1
32,17,-4,-6,35,5,1
23,5,-4,-6,20,6,1
14,7,-4,-6,8,3,1
47,0,-4,-6,97,14,1
21,0,-3,-6,18,7,1
34,11,-3,-6,47,8,1
23,14,-3,-6,21,4,1
46,17,-3,-6,94,10,1
17,5,-2,-6,21,6,1
21,0,-5,-6,15,5,1
15,3,-3,-6,13,5,1
9,3,-6,-6,3,2,1
9,0,-5,-6,3,3,1
21,3,-4,-6,22,6,1
35,0,-3,-6,78,14,1
42,0,-3,-6,89,14,1
29,17,-6,-6,19,3,1
27,12,-5,-6,22,4,1
47,0,-5,-6,71,11,1
10,1,-5,-6,5,3,1
41,29,-4,-6,40,4,1
33,17,-4,-6,34,5,1
26,6,-4,-6,27,6,1
14,2,-4,-6,7,4,1
61,23,-4,-6,125,11,1
27,0,-4,-6,29,8,1
40,17,-4,-6,51,7,1
54,21,-4,-6,101,10,1
47,22,-4,-6,70,8,1
26,15,-4,-6,25,4,1
34,27,-4,-6,25,3,1
33,23,-4,-6,32,4,1
48,27,-3,-6,72,7,1
34,0,-3,-6,46,11,1
21,7,-3,-6,22,5,1
53,0,-3,-6,143,17,1
40,17,-3,-6,59,8,1
53,0,-3,-6,119,18,1
33,18,-3,-6,43,6,1
49,40,-3,-6,49,4,1
47,21,-3,-6,90,10,1
43,0,-3,-6,126,16,1
47,24,-3,-6,88,9,1
43,21,-3,-6,80,9,1
15,7,-3,-6,14,4,1
54,6,-3,-6,176,19,1
17,5,-3,-6,20,6,1
36,19,-2,-6,64,8,1
50,36,-2,-6,83,7,1
35,0,-4,-6,53,10,1
12,0,-6,-6,5,3,1
10,0,-3,-6,7,4,1
49,3,-3,-6,143,17,1
10,0,-3,-6,7,4,1
8,2,-6,-6,3,2,1
21,5,-3,-6,23,6,1
36,1,-3,-6,78,13,1
21,14,-6,-6,10,2,1
41,30,-5,-6,29,3,1
22,0,-4,-6,20,6,1
67,29,-4,-6,145,11,1
23,0,-4,-6,20,7,1
38,0,-3,-6,58,12,1
21,4,-3,-6,17,6,1
50,0,-3,-6,107,18,1
27,7,-3,-6,32,8,1
32,24,-3,-6,30,4,1
42,30,-3,-6,59,6,1
31,16,-2,-6,43,7,1
59,32,-3,-6,126,10,1
46,22,-3,-6,81,9,1
8,2,-6,-6,3,2,1
20,0,-5,-6,13,5,1
22,0,-4,-6,20,6,1
32,14,-4,-6,33,5,1
24,2,-4,-6,27,7,1
23,5,-4,-6,22,6,1
26,8,-4,-6,29,6,1
33,2,-3,-6,54,11,1
56,0,-3,-6,144,19,1
32,0,-3,-6,52,12,1
18,6,-3,-6,18,5,1
50,30,-3,-6,98,9,1
23,0,-3,-6,36,10,1
21,6,-2,-6,26,7,1
18,2,-2,-6,18,8,1
17,8,-2,-6,18,5,1
59,53,-6,-6,31,2,1
77,68,-4,-6,61,3,1
111,98,-3,-6,173,6,1
6,0,-6,-6,2,2,1
40,4,-4,-6,45,8,1
61,55,-3,-6,49,3,1
15,0,-5,-6,8,4,1
36,23,-2,-6,78,9,1
71,58,-3,-6,109,6,1
19,13,-3,-6,14,3,1
6,0,-6,-6,2,2,1
76,70,-3,-6,60,3,1
50,26,-2,-6,154,15,1
13,7,-6,-6,6,2,1
42,36,-2,-6,44,4,1
27,20,-4,-6,19,3,1
119,113,-6,-6,64,2,1
111,104,-3,-6,90,3,1
115,102,-2,-6,178,6,1
113,107,-6,-6,61,2,1
69,25,-3,-6,239,17,1
61,56,-6,-6,32,2,1
79,54,-3,-6,187,10,1
80,61,-2,-6,232,12,1
28,23,-6,-6,14,2,1
41,35,-6,-6,21,2,1
66,53,-2,-6,102,7,1
67,51,-2,-5,153,9,1
42,34,-3,-5,43,4,1
9,1,-3,-5,7,4,1
20,9,-2,-5,24,6,1
49,43,-5,-5,25,2,1
63,47,-4,-5,78,5,1
32,26,-5,-5,16,2,1
42,37,-5,-5,22,2,1
42,18,-5,-5,50,6,1
56,48,-4,-5,43,3,1
41,5,-4,-5,61,11,1
43,26,-3,-5,57,6,1
42,29,-3,-5,49,5,1
44,10,-3,-5,88,12,1
55,5,-3,-5,182,20,1
42,34,-3,-5,41,4,1
70,65,-5,-5,37,2,1
45,19,-3,-5,74,9,1
41,19,-3,-5,65,8,1
74,66,-3,-5,77,4,1
47,16,-2,-5,125,14,1
77,63,-3,-5,119,6,1
69,57,-3,-5,108,6,1
40,21,-2,-5,92,11,1
18,8,-3,-5,13,4,1
19,6,-3,-5,18,5,1
16,5,-3,-5,16,5,1
17,7,-2,-5,15,5,1
18,0,-4,-5,16,6,1
18,0,-3,-5,16,7,1
44,0,-3,-5,117,18,1
13,5,-2,-5,10,4,1
16,5,-2,-5,19,6,1
10,5,-5,-5,4,2,1
54,49,-5,-5,29,2,1
19,9,-5,-5,12,3,1
14,0,-5,-5,8,4,1
76,67,-5,-5,60,3,1
26,17,-4,-5,18,3,1
24,0,-4,-5,24,7,1
70,36,-4,-5,145,10,1
23,15,-4,-5,16,3,1
42,0,-4,-5,76,13,1
35,0,-4,-5,50,11,1
49,17,-4,-5,90,10,1
50,25,-3,-5,88,8,1
58,0,-3,-5,157,18,1
53,40,-3,-5,64,5,1
18,5,-3,-5,17,5,1
25,15,-3,-5,22,4,1
50,0,-3,-5,108,16,1
22,2,-3,-5,26,7,1
24,8,-3,-5,25,6,1
35,19,-3,-5,48,6,1
11,5,-3,-5,7,3,1
18,3,-3,-5,17,6,1
42,3,-3,-5,96,14,1
18,6,-3,-5,15,5,1
34,5,-3,-5,56,11,1
50,22,-3,-5,121,11,1
59,42,-3,-5,102,7,1
27,10,-3,-5,39,7,1
59,29,-3,-5,152,12,1
50,12,-3,-5,138,15,1
44,28,-3,-5,74,7,1
11,0,-3,-5,7,5,1
8,0,-3,-5,5,4,1
43,12,-3,-5,108,13,1
23,5,-3,-5,33,8,1
45,27,-3,-5,79,8,1
30,5,-3,-5,57,11,1
41,12,-2,-5,102,13,1
30,0,-2,-5,54,13,1
11,1,-2,-5,9,5,1
52,41,-2,-5,78,6,1
47,31,-2,-5,84,8,1
23,8,-2,-5,33,8,1
13,5,-2,-5,14,5,1
30,0,-2,-5,55,16,1
7,0,-4,-5,2,3,1
9,0,-2,-5,7,5,1
29,0,-4,-5,44,9,1
41,0,-3,-5,76,14,1
14,5,-3,-5,9,4,1
36,0,-3,-5,70,14,1
18,5,-3,-5,18,6,1
29,0,-2,-5,64,13,1
17,9,-2,-5,19,5,1
25,16,-5,-5,17,3,1
21,11,-3,-5,16,4,1
16,0,-3,-5,13,6,1
26,20,-3,-5,20,3,1
35,15,-3,-5,54,8,1
29,5,-3,-5,50,10,1
30,1,-2,-5,58,13,1
6,0,-3,-5,3,3,1
12,0,-3,-5,8,5,1
13,5,-2,-5,14,5,1
8,0,-2,-5,7,5,1
7,0,-4,-5,3,3,1
9,0,-3,-5,6,4,1
12,0,-3,-5,9,5,1
10,0,-2,-5,9,5,1
7,0,-2,-5,5,4,1
16,5,-2,-5,21,6,1
8,3,-5,-5,3,2,1
8,0,-4,-5,3,3,1
10,0,-2,-5,8,5,1
33,21,-4,-5,30,4,1
31,9,-4,-5,40,7,1
33,20,-3,-5,39,5,1
15,9,-3,-5,9,3,1
28,19,-3,-5,26,4,1
27,7,-3,-5,36,8,1
15,3,-3,-5,12,6,1
30,16,-2,-5,47,7,1
15,6,-2,-5,15,5,1
41,22,-2,-5,87,10,1
32,18,-2,-5,55,8,1
23,14,-2,-5,25,5,1
15,7,-2,-5,17,5,1
50,45,-5,-5,26,2,1
50,36,-5,-5,48,4,1
37,29,-4,-5,27,3,1
32,25,-4,-5,23,3,1
43,36,-4,-5,33,3,1
33,27,-3,-5,26,3,1
64,58,-3,-5,50,3,1
33,24,-3,-5,32,4,1
64,45,-3,-5,119,8,1
40,30,-5,-5,29,3,1
40,30,-3,-5,38,4,1
58,41,-3,-5,85,6,1
45,25,-3,-5,82,8,1
40,19,-2,-5,78,10,1
61,56,-5,-5,32,2,1
74,32,-4,-5,158,11,1
59,49,-4,-5,60,4,1
55,41,-2,-5,110,8,1
86,78,-4,-5,68,3,1
68,62,-3,-5,55,3,1
5,0,-5,-5,1,2,1
64,51,-2,-5,114,7,1
115,110,-5,-5,63,2,1
63,52,-3,-5,64,4,1
60,54,-5,-5,32,2,1
113,107,-1,-5,183,6,1
36,28,-2,-5,37,4,1
73,68,-5,-5,39,2,1
47,32,-3,-5,63,6,1
28,20,-4,-5,19,3,1
118,113,-5,-5,64,2,1
12,0,-1,-5,23,16,1
6,0,-3,-5,3,3,1
112,105,-4,-5,90,3,1
5,0,-5,-5,1,2,1
34,27,-2,-5,33,4,1
38,33,-1,-5,47,5,1
56,51,-5,-5,30,2,1
52,47,-3,-5,40,3,1
59,53,-3,-5,47,3,1
13,0,-4,-5,7,4,1
57,53,-5,-5,31,2,1
32,24,-3,-5,31,4,1
67,62,-3,-5,54,3,1
86,82,-5,-5,47,2,1
70,64,-3,-5,56,3,1
107,97,-2,-5,200,7,1
5,0,-5,-5,1,2,1
65,60,-5,-5,35,2,1
27,19,-2,-5,32,5,1
103,82,-2,-5,354,14,1
35,30,-3,-5,26,3,1
38,26,-2,-5,59,7,1
34,30,-5,-5,18,2,1
23,15,-4,-5,16,3,1
18,8,-2,-5,18,5,1
20,10,-2,-5,22,5,1
23,5,-2,-5,28,8,1
71,30,-2,-5,282,20,1
47,27,-2,-5,126,12,1
24,0,-2,-5,40,11,1
30,0,-2,-5,59,14,1
10,0,-3,-5,5,4,1
16,0,-3,-5,6,7,1
7,3,-5,-5,3,2,1
11,3,-2,-5,11,5,1
21,1,-2,-5,35,11,1
12,6,-3,-5,7,3,1
19,0,-2,-5,34,13,1
5,0,-5,-5,1,2,1
61,57,-5,-5,33,2,1
23,18,-5,-5,11,2,1
37,32,-5,-5,19,2,1
30,25,-5,-5,15,2,1
86,81,-5,-5,46,2,1
15,11,-5,-5,7,2,1
41,36,-5,-5,21,2,1
59,55,-5,-5,32,2,1
54,50,-5,-5,29,2,1
41,37,-5,-5,22,2,1
67,62,-5,-5,36,2,1
25,0,-4,-5,25,7,1
45,37,-4,-5,34,3,1
38,31,-4,-5,28,3,1
58,50,-4,-5,45,3,1
23,15,-4,-5,15,3,1
26,19,-4,-5,19,3,1
62,41,-3,-5,101,7,1
50,37,-3,-5,62,5,1
10,0,-3,-5,5,4,1
31,21,-3,-5,28,4,1
39,32,-3,-5,30,3,1
59,46,-3,-5,71,5,1
23,16,-3,-5,16,3,1
9,3,-3,-5,4,3,1
70,58,-3,-5,88,5,1
64,45,-3,-5,105,7,1
30,23,-3,-5,22,3,1
26,20,-3,-5,19,3,1
40,22,-3,-5,60,7,1
27,18,-3,-5,25,4,1
41,32,-3,-5,40,4,1
66,54,-3,-5,83,5,1
43,32,-3,-5,52,5,1
19,5,-3,-5,21,6,1
44,22,-3,-5,80,9,1
45,17,-3,-5,96,11,1
62,57,-3,-5,50,3,1
45,40,-3,-5,36,3,1
35,22,-3,-5,45,6,1
33,25,-3,-5,33,4,1
34,23,-3,-5,42,5,1
70,46,-3,-5,157,10,1
29,21,-3,-5,28,4,1
38,19,-3,-5,64,8,1
21,15,-3,-5,16,3,1
26,13,-3,-5,32,6,1
15,7,-3,-5,13,4,1
25,9,-3,-5,34,7,1
68,62,-3,-5,54,3,1
23,12,-3,-5,24,5,1
14,9,-3,-5,10,3,1
50,37,-3,-5,72,6,1
16,0,-3,-5,19,7,1
59,49,-3,-5,75,5,1
16,11,-3,-5,12,3,1
5,0,-3,-5,3,3,1
48,37,-3,-5,60,5,1
50,34,-3,-5,83,7,1
69,61,-3,-5,71,4,1
68,45,-3,-5,166,10,1
59,43,-3,-5,98,7,1
54,39,-3,-5,88,7,1
29,14,-3,-5,42,7,1
57,44,-3,-5,83,6,1
18,8,-2,-5,19,5,1
28,18,-2,-5,31,5,1
29,19,-2,-5,33,5,1
10,0,-2,-5,8,5,1
23,8,-2,-5,29,7,1
29,0,-2,-5,51,13,1
7,0,-2,-5,5,4,1
21,14,-2,-5,18,4,1
16,9,-2,-5,14,4,1
32,25,-2,-5,32,4,1
41,34,-2,-5,41,4,1
48,41,-2,-5,49,4,1
26,0,-2,-5,44,12,1
59,41,-2,-5,127,9,1
33,22,-2,-5,45,6,1
72,60,-2,-5,108,6,1
17,5,-2,-5,19,6,1
42,22,-2,-5,91,10,1
14,5,-2,-5,15,5,1
20,6,-2,-5,24,7,1
50,41,-2,-5,64,5,1
57,43,-2,-5,97,7,1
66,50,-2,-5,127,8,1
39,28,-2,-5,53,6,1
24,14,-2,-5,32,6,1
24,18,-2,-5,24,4,1
50,25,-2,-5,141,13,1
22,15,-2,-5,20,4,1
47,11,-2,-5,180,24,1
51,43,-2,-5,67,5,1
26,18,-2,-5,32,5,1
10,0,-2,-5,7,6,1
12,0,-2,-5,11,7,1
68,33,-2,-5,298,20,1
21,5,-2,-5,32,9,1
17,8,-2,-5,22,6,1
58,45,-2,-5,111,8,1
52,43,-2,-5,79,6,1
18,10,-2,-5,43,3,1
7,0,-2,-5,6,5,1
7,0,-2,-5,6,5,1
46,30,-2,-5,108,10,1
35,19,-2,-5,77,10,1
56,29,-2,-5,210,17,1
6,2,-4,-4,2,2,1
6,1,-3,-4,2,3,1
10,0,-2,-4,7,5,1
20,0,-2,-4,26,9,1
14,0,-2,-4,19,9,1
14,0,-2,-4,16,8,1
12,6,-3,-4,8,3,1
13,5,-3,-4,9,4,1
14,6,-2,-4,12,4,1
14,4,-3,-4,13,5,1
18,9,-2,-4,18,5,1
8,0,-2,-4,4,5,1
25,14,-3,-4,28,5,1
32,28,-4,-4,17,2,1
22,11,-4,-4,17,4,1
28,17,-3,-4,32,5,1
24,1,-2,-4,40,12,1
23,16,-2,-4,21,4,1
41,25,-2,-4,85,9,1
35,22,-2,-4,59,8,1
64,55,-1,-4,135,8,1
4,0,-4,-4,1,2,1
34,26,-2,-4,43,5,1
113,108,-2,-4,92,3,1
4,0,-4,-4,1,2,1
41,37,-4,-4,22,2,1
83,72,-3,-4,108,5,1
82,75,-1,-4,133,6,1
4,0,-4,-4,1,2,1
40,28,-2,-4,74,8,1
69,64,-2,-4,73,4,1
66,57,-3,-4,67,4,1
29,24,-1,-4,49,7,1
71,62,-1,-4,130,7,1
103,98,-2,-4,111,4,1
92,86,-2,-4,100,4,1
116,102,-2,-4,271,9,1
4,0,-4,-4,1,2,1
56,30,-2,-4,60,14,1
52,47,-2,-4,54,4,1
93,84,-2,-4,148,6,1
99,95,-2,-4,81,3,1
51,43,-2,-4,80,6,1
102,98,-4,-4,56,2,1
54,50,-2,-4,44,3,1
98,93,-2,-4,107,4,1
47,33,-2,-4,92,8,1
110,99,-3,-4,145,5,1
44,40,-4,-4,24,2,1
67,63,-4,-4,36,2,1
107,99,-3,-4,115,4,1
10,6,-2,-4,6,3,1
6,0,-3,-4,3,3,1
39,33,-1,-4,49,5,1
40,33,-1,-4,60,6,1
123,120,-4,-4,68,2,1
32,10,-2,-4,54,10,1
112,107,-2,-4,92,3,1
110,106,-4,-4,60,2,1
41,37,-2,-4,32,3,1
13,9,-2,-4,10,3,1
60,47,-1,-4,164,11,1
27,19,-2,-4,40,6,1
103,99,-4,-4,56,2,1
35,31,-1,-4,37,4,1
4,0,-4,-4,1,2,1
4,0,-2,-4,2,3,1
111,107,-4,-4,61,2,1
59,55,-2,-4,48,3,1
100,96,-4,-4,54,2,1
76,56,-2,-4,162,9,1
74,67,-2,-4,97,5,1
68,61,-2,-4,71,4,1
71,60,-2,-4,108,6,1
80,74,-2,-4,108,5,1
47,43,-4,-4,25,2,1
57,48,-2,-4,74,5,1
58,48,-2,-4,87,6,1
56,45,-2,-4,95,7,1
59,55,-4,-4,31,2,1
39,35,-4,-4,20,2,1
71,54,-2,-4,137,8,1
66,54,-2,-4,98,6,1
47,42,-2,-4,37,3,1
41,37,-2,-4,33,3,1
58,32,-2,-4,173,13,1
54,43,-2,-4,94,7,1
44,24,-2,-4,117,12,1
41,36,-2,-4,43,4,1
50,46,-4,-4,26,2,1
61,48,-3,-4,92,6,1
34,20,-2,-4,57,8,1
59,40,-2,-4,151,11,1
25,22,-4,-4,13,2,1
14,11,-4,-4,7,2,1
30,26,-4,-4,15,2,1
14,8,-3,-4,9,3,1
30,14,-3,-4,38,6,1
24,15,-3,-4,21,4,1
20,9,-3,-4,19,5,1
25,20,-3,-4,18,3,1
27,17,-2,-4,30,5,1
26,16,-2,-4,30,5,1
33,26,-2,-4,33,4,1
23,11,-2,-4,28,6,1
32,23,-2,-4,39,5,1
33,21,-2,-4,51,7,1
29,21,-2,-4,34,5,1
19,9,-2,-4,21,6,1
15,4,-2,-4,20,7,1
23,10,-2,-4,37,8,1
21,0,-2,-4,31,13,1
29,21,-2,-4,42,6,1
17,11,-2,-4,20,5,1
9,5,-4,-4,4,2,1
12,5,-3,-4,7,3,1
9,0,-3,-4,5,4,1
28,20,-3,-4,26,4,1
27,5,-2,-4,54,11,1
12,5,-2,-4,10,4,1
13,4,-2,-4,14,6,1
23,1,-2,-4,51,14,1
23,15,-4,-4,16,3,1
17,14,-4,-4,9,2,1
25,19,-3,-4,18,3,1
19,9,-2,-4,24,6,1
38,19,-2,-4,88,11,1
20,6,-3,-4,23,6,1
11,5,-2,-4,9,4,1
8,0,-2,-4,7,6,1
57,53,-4,-4,31,2,1
11,7,-4,-4,5,2,1
23,19,-4,-4,12,2,1
28,24,-4,-4,15,2,1
17,14,-4,-4,9,2,1
78,75,-4,-4,43,2,1
42,39,-4,-4,23,2,1
20,10,-3,-4,17,4,1
19,13,-3,-4,13,3,1
6,0,-3,-4,3,3,1
32,23,-3,-4,30,4,1
25,20,-3,-4,19,3,1
46,36,-2,-4,55,5,1
28,21,-2,-4,26,4,1
32,24,-2,-4,32,4,1
7,0,-2,-4,4,4,1
7,0,-2,-4,3,4,1
74,67,-2,-4,77,4,1
14,2,-2,-4,12,6,1
34,23,-2,-4,48,6,1
35,31,-2,-4,27,3,1
9,0,-2,-4,7,5,1
25,16,-2,-4,28,5,1
59,50,-2,-4,76,5,1
14,10,-2,-4,11,3,1
69,60,-2,-4,90,5,1
45,34,-2,-4,67,6,1
28,22,-2,-4,28,4,1
30,17,-2,-4,42,7,1
20,14,-2,-4,18,4,1
41,33,-2,-4,52,5,1
53,41,-2,-4,90,7,1
37,2,-2,-4,101,19,1
80,54,-2,-4,281,15,1
14,8,-2,-4,11,4,1
21,14,-2,-4,25,5,1
9,4,-2,-4,8,4,1
39,33,-2,-4,39,4,1
5,0,-2,-4,4,4,1
55,45,-2,-4,97,7,1
23,17,-2,-4,28,5,1
46,37,-2,-4,80,7,1
21,12,-1,-4,33,7,1
43,32,-1,-4,96,9,1
8,0,-3,-4,5,4,1
5,0,-2,-4,2,3,1
15,0,-2,-4,17,8,1
7,0,-2,-4,4,4,1
22,0,-2,-4,40,13,1
6,2,-2,-4,4,3,1
14,2,-2,-4,14,6,1
6,2,-2,-4,4,3,1
11,7,-4,-4,5,2,1
18,5,-2,-4,21,7,1
15,12,-4,-4,7,2,1
18,9,-2,-4,18,5,1
14,6,-2,-4,13,5,1
8,4,-2,-4,4,3,1
21,17,-4,-4,10,2,1
25,7,-3,-4,27,6,1
18,12,-3,-4,12,3,1
8,2,-3,-4,4,3,1
14,2,-2,-4,13,6,1
14,9,-2,-4,10,3,1
16,7,-2,-4,17,5,1
8,4,-2,-4,4,3,1
20,7,-2,-4,28,7,1
18,7,-2,-4,22,7,1
42,39,-4,-4,23,2,1
42,33,-2,-4,51,5,1
69,66,-4,-4,37,2,1
50,47,-4,-4,27,2,1
46,41,-3,-4,36,3,1
77,68,-2,-4,100,5,1
77,66,-2,-4,119,6,1
33,29,-2,-4,26,3,1
42,32,-2,-4,71,7,1
52,41,-2,-4,91,7,1
59,51,-1,-4,109,7,1
46,42,-4,-4,24,2,1
31,27,-4,-4,16,2,1
23,15,-3,-4,22,4,1
33,29,-2,-4,26,3,1
31,26,-2,-4,23,3,1
41,37,-2,-4,32,3,1
42,38,-2,-4,34,3,1
46,40,-2,-4,47,4,1
29,20,-2,-4,41,6,1
52,49,-4,-4,28,2,1
52,46,-3,-4,41,3,1
43,33,-2,-4,52,5,1
59,49,-2,-4,90,6,1
53,47,-2,-4,56,4,1
74,70,-4,-4,40,2,1
68,61,-1,-4,108,6,1
84,79,-2,-4,68,3,1
94,91,-4,-4,51,2,1
10,0,-2,-4,11,7,1
63,53,-2,-4,79,5,1
107,103,-4,-4,58,2,1
12,8,-2,-4,8,3,1
44,23,-2,-4,82,11,1
30,25,-2,-3,22,3,1
107,104,-2,-3,88,3,1
61,49,-1,-3,207,13,1
117,114,-3,-3,64,2,1
62,59,-3,-3,34,2,1
89,85,-3,-3,48,2,1
116,109,-2,-3,125,4,1
116,108,-2,-3,155,5,1
107,104,-3,-3,59,2,1
4,0,-2,-3,1,3,1
113,105,-1,-3,210,7,1
69,51,-2,-3,190,11,1
110,107,-3,-3,60,2,1
56,47,-2,-3,71,5,1
113,110,-3,-3,62,2,1
106,101,-1,-3,116,4,1
20,15,-2,-3,19,4,1
6,2,-2,-3,4,3,1
51,48,-3,-3,28,2,1
47,41,-2,-3,48,4,1
30,26,-1,-3,31,4,1
50,45,-2,-3,39,3,1
71,68,-2,-3,58,3,1
121,113,-2,-3,195,6,1
58,53,-2,-3,63,4,1
11,7,-3,-3,5,2,1
21,17,-2,-3,16,3,1
66,63,-3,-3,36,2,1
95,92,-3,-3,52,2,1
54,50,-1,-3,73,5,1
107,103,-2,-3,87,3,1
99,96,-3,-3,54,2,1
107,103,-2,-3,88,3,1
4,0,-2,-3,2,3,1
53,49,-2,-3,42,3,1
82,79,-2,-3,68,3,1
111,107,-2,-3,91,3,1
97,92,-3,-3,79,3,1
45,35,-2,-3,77,7,1
64,61,-3,-3,34,2,1
71,66,-2,-3,57,3,1
70,65,-2,-3,56,3,1
106,101,-3,-3,86,3,1
122,119,-3,-3,67,2,1
78,75,-3,-3,42,2,1
108,103,-2,-3,118,4,1
53,49,-1,-3,56,4,1
109,106,-3,-3,60,2,1
90,83,-2,-3,120,5,1
91,88,-3,-3,50,2,1
45,40,-3,-3,35,3,1
104,102,-3,-3,57,2,1
46,43,-3,-3,25,2,1
107,104,-3,-3,59,2,1
118,114,-1,-3,129,4,1
53,47,-2,-3,68,5,1
114,100,-2,-3,237,8,1
114,111,-3,-3,62,2,1
69,64,-2,-3,56,3,1
39,36,-3,-3,21,2,1
77,71,-2,-3,103,5,1
60,57,-3,-3,32,2,1
105,100,-3,-3,85,3,1
26,24,-3,-3,14,2,1
56,51,-2,-3,45,3,1
67,60,-1,-3,89,6,1
4,0,-2,-3,2,3,1
71,66,-1,-3,95,5,1
105,102,-3,-3,58,2,1
76,70,-2,-3,81,4,1
34,31,-1,-3,27,3,1
112,107,-3,-3,91,3,1
15,9,-1,-3,20,6,1
31,28,-3,-3,16,2,1
52,48,-2,-3,56,4,1
99,85,-2,-3,253,10,1
82,69,-2,-3,168,8,1
68,57,-2,-3,138,8,1
76,65,-2,-3,158,8,1
72,69,-3,-3,39,2,1
73,68,-2,-3,78,4,1
49,46,-3,-3,26,2,1
40,37,-3,-3,21,2,1
67,64,-3,-3,36,2,1
32,19,-3,-3,43,6,1
49,41,-2,-3,50,4,1
35,31,-2,-3,27,3,1
62,53,-2,-3,79,5,1
57,46,-2,-3,86,6,1
56,50,-2,-3,58,4,1
45,41,-2,-3,36,3,1
25,22,-2,-3,20,3,1
29,25,-2,-3,22,3,1
33,30,-2,-3,26,3,1
44,33,-2,-3,76,7,1
40,36,-2,-3,31,3,1
53,50,-2,-3,42,3,1
41,32,-2,-3,61,6,1
59,54,-2,-3,63,4,1
28,18,-2,-3,44,7,1
39,32,-2,-3,50,5,1
50,45,-2,-3,52,4,1
31,22,-2,-3,52,7,1
36,32,-2,-3,37,4,1
58,45,-1,-3,145,10,1
67,56,-1,-3,151,9,1
69,64,-1,-3,93,5,1
23,21,-3,-3,12,2,1
28,25,-3,-3,15,2,1
55,52,-3,-3,30,2,1
59,57,-3,-3,32,2,1
22,16,-3,-3,16,3,1
59,54,-3,-3,47,3,1
31,18,-3,-3,40,6,1
59,55,-2,-3,47,3,1
24,18,-2,-3,24,4,1
29,21,-2,-3,35,5,1
16,8,-2,-3,16,5,1
18,10,-2,-3,19,5,1
65,57,-2,-3,85,5,1
56,52,-2,-3,45,3,1
18,4,-2,-3,5,3,1
23,20,-2,-3,18,3,1
59,54,-2,-3,62,4,1
65,61,-2,-3,53,3,1
31,24,-2,-3,38,5,1
50,40,-2,-3,98,8,1
60,56,-2,-3,64,4,1
28,19,-2,-3,46,7,1
19,14,-2,-3,18,4,1
21,14,-1,-3,28,6,1
25,17,-1,-3,41,7,1
29,26,-3,-3,15,2,1
43,27,-2,-3,80,8,1
48,37,-2,-3,83,7,1
27,21,-2,-3,33,5,1
25,19,-1,-3,36,6,1
14,11,-3,-3,7,2,1
19,16,-3,-3,10,2,1
58,55,-3,-3,31,2,1
36,33,-3,-3,19,2,1
39,36,-3,-3,21,2,1
19,14,-3,-3,13,3,1
18,12,-2,-3,16,4,1
57,50,-2,-3,59,4,1
42,36,-2,-3,44,4,1
51,45,-2,-3,53,4,1
35,29,-2,-3,36,4,1
25,17,-2,-3,28,5,1
67,59,-2,-3,87,5,1
54,50,-2,-3,44,3,1
34,31,-2,-3,27,3,1
36,31,-2,-3,37,4,1
19,15,-2,-3,14,3,1
23,15,-2,-3,27,5,1
41,32,-2,-3,60,6,1
24,15,-2,-3,32,6,1
57,48,-2,-3,88,6,1
48,41,-2,-3,60,5,1
29,17,-2,-3,50,8,1
20,10,-2,-3,28,7,1
64,50,-2,-3,158,10,1
20,14,-2,-3,23,5,1
49,42,-2,-3,63,5,1
33,29,-2,-3,35,4,1
59,55,-2,-3,63,4,1
64,50,-2,-3,157,10,1
14,9,-2,-3,12,4,1
33,22,-1,-3,71,9,1
9,6,-3,-3,4,2,1
11,6,-2,-3,7,3,1
14,6,-2,-3,14,5,1
11,5,-2,-3,10,5,1
11,5,-1,-3,11,5,1
5,0,-2,-3,2,3,1
14,11,-3,-3,7,2,1
33,31,-3,-3,18,2,1
53,50,-3,-3,29,2,1
6,4,-3,-3,3,2,1
23,20,-3,-3,12,2,1
32,29,-3,-3,17,2,1
60,58,-3,-3,33,2,1
45,42,-3,-3,24,2,1
50,47,-3,-3,27,2,1
17,12,-3,-3,12,3,1
7,5,-3,-3,3,2,1
59,56,-3,-3,32,2,1
73,70,-3,-3,40,2,1
66,63,-3,-3,36,2,1
42,40,-3,-3,23,2,1
70,68,-3,-3,38,2,1
15,13,-3,-3,8,2,1
20,17,-3,-3,10,2,1
41,4,-3,-3,53,11,1
15,8,-2,-3,13,4,1
20,15,-2,-3,14,3,1
27,23,-2,-3,21,3,1
9,5,-2,-3,6,3,1
23,18,-2,-3,17,3,1
29,24,-2,-3,22,3,1
36,32,-2,-3,28,3,1
27,23,-2,-3,21,3,1
42,27,-2,-3,78,8,1
14,7,-2,-3,12,4,1
14,4,-2,-3,14,6,1
38,28,-2,-3,54,6,1
43,33,-2,-3,64,6,1
54,42,-2,-3,95,7,1
52,39,-2,-3,101,8,1
60,57,-2,-3,48,3,1
56,50,-2,-3,59,4,1
38,32,-2,-3,38,4,1
47,41,-2,-3,48,4,1
12,8,-2,-3,8,3,1
10,6,-2,-3,6,3,1
29,25,-2,-3,23,3,1
4,0,-2,-3,1,3,1
63,56,-2,-3,83,5,1
40,36,-2,-3,32,3,1
5,1,-2,-3,2,3,1
53,44,-2,-3,80,6,1
7,0,-2,-3,4,5,1
23,18,-2,-3,23,4,1
13,5,-2,-3,13,5,1
5,2,-2,-3,3,3,1
15,12,-2,-3,11,3,1
41,36,-2,-3,43,4,1
50,47,-2,-3,41,3,1
43,40,-2,-3,35,3,1
23,0,-2,-3,40,14,1
57,43,-2,-3,124,9,1
29,17,-2,-3,50,8,1
34,24,-2,-3,58,7,1
17,9,-2,-3,23,6,1
12,5,-2,-3,11,5,1
24,18,-2,-3,30,5,1
6,0,-2,-3,5,5,1
11,5,-2,-3,11,5,1
59,47,-2,-3,134,9,1
77,61,-2,-3,208,11,1
42,27,-2,-3,108,11,1
40,31,-2,-3,68,7,1
12,3,-2,-3,12,7,1
28,23,-2,-3,29,4,1
39,34,-2,-3,41,4,1
21,16,-2,-3,20,4,1
50,45,-2,-3,52,4,1
12,7,-2,-3,11,4,1
38,31,-1,-3,56,6,1
95,80,-1,-3,267,11,1
75,59,-1,-3,239,13,1
11,7,-2,-3,7,3,1
12,7,-2,-3,8,3,1
13,7,-2,-3,11,4,1
15,12,-2,-3,11,3,1
8,3,-1,-3,8,5,1
7,5,-3,-3,3,2,1
7,4,-2,-3,4,3,1
5,0,-2,-3,3,4,1
8,5,-2,-3,5,3,1
5,0,-3,-3,2,3,1
6,0,-2,-3,4,4,1
6,0,-2,-3,3,4,1
6,0,-2,-3,4,5,1
7,0,-1,-3,8,7,1
9,5,-2,-3,6,3,1
8,4,-1,-3,6,4,1
16,14,-3,-3,8,2,1
25,23,-3,-3,13,2,1
24,18,-2,-3,24,4,1
30,23,-2,-3,29,4,1
25,19,-2,-3,24,4,1
16,13,-2,-3,12,3,1
21,15,-2,-3,19,4,1
25,20,-2,-3,25,4,1
16,8,-2,-3,21,6,1
17,11,-2,-3,19,5,1
26,20,-2,-3,32,5,1
38,26,-1,-3,80,9,1
35,27,-1,-3,62,7,1
15,10,-1,-3,18,5,1
26,18,-1,-3,42,7,1
23,16,-1,-3,32,6,1
32,21,-1,-3,70,10,1
21,14,-1,-3,34,7,1
30,27,-3,-3,16,2,1
27,23,-2,-3,21,3,1
33,26,-2,-3,41,5,1
21,17,-2,-3,16,3,1
23,15,-2,-3,33,6,1
31,23,-1,-3,44,6,1
23,15,-1,-3,37,7,1
22,19,-3,-3,11,2,1
32,26,-2,-3,32,4,1
26,23,-3,-3,14,2,1
37,34,-3,-3,20,2,1
26,22,-2,-3,20,3,1
22,17,-2,-3,16,3,1
38,34,-2,-3,30,3,1
22,16,-2,-3,20,4,1
31,27,-2,-3,24,3,1
48,45,-3,-3,26,2,1
54,50,-2,-3,43,3,1
57,52,-2,-3,45,3,1
52,45,-2,-3,68,5,1
43,40,-2,-3,34,3,1
52,44,-2,-3,80,6,1
51,43,-1,-3,91,7,1
78,76,-3,-3,43,2,1
41,37,-2,-3,32,3,1
66,62,-2,-3,53,3,1
52,49,-2,-3,42,3,1
53,50,-2,-3,43,3,1
41,38,-2,-3,33,3,1
42,36,-2,-3,54,5,1
62,51,-2,-3,127,8,1
53,49,-2,-3,56,4,1
71,67,-2,-3,77,4,1
74,71,-3,-3,40,2,1
75,71,-2,-3,61,3,1
79,76,-2,-3,65,3,1
97,94,-3,-3,53,2,1
49,46,-1,-3,39,3,1
110,105,-2,-3,89,3,1
70,67,-2,-3,58,3,1
97,94,-2,-3,80,3,1
109,107,-1,-3,90,3,1
97,94,-1,-3,106,4,1
10,5,-2,-3,6,3,1
87,84,-3,-3,48,2,1
37,30,-1,-3,56,6,1
103,101,-3,-3,57,2,1
72,67,-1,-3,97,5,1
60,57,-3,-3,32,2,1
70,58,-2,-3,160,9,1
98,94,-2,-3,80,3,1
104,98,-2,-3,113,4,1
111,108,-1,-3,92,3,1
101,98,-1,-3,83,3,1
73,70,-2,-2,59,3,1
120,118,-2,-2,66,2,1
69,59,-1,-2,194,11,1
56,53,-1,-2,46,3,1
39,26,-2,-2,37,11,1
101,91,-2,-2,186,7,1
104,99,-2,-2,84,3,1
76,70,-1,-2,102,5,1
94,90,-2,-2,76,3,1
53,50,-2,-2,29,2,1
100,97,-2,-2,55,2,1
97,95,-2,-2,53,2,1
48,45,-1,-2,52,4,1
72,69,-2,-2,39,2,1
105,100,-2,-2,114,4,1
101,97,-1,-2,111,4,1
76,73,-1,-2,83,4,1
98,94,-1,-2,135,5,1
114,111,-1,-2,125,4,1
101,99,-2,-2,56,2,1
79,75,-2,-2,64,3,1
102,99,-2,-2,56,2,1
102,100,-2,-2,56,2,1
64,62,-2,-2,35,2,1
4,0,-2,-2,2,3,1
49,47,-2,-2,27,2,1
64,62,-2,-2,35,2,1
53,48,-1,-2,71,5,1
31,29,-2,-2,16,2,1
64,61,-1,-2,69,4,1
13,11,-2,-2,7,2,1
116,109,-2,-2,156,5,1
36,34,-1,-2,29,3,1
103,97,-1,-2,167,6,1
87,85,-2,-2,48,2,1
112,110,-1,-2,92,3,1
106,103,-2,-2,87,3,1
113,111,-2,-2,62,2,1
46,40,-2,-2,48,4,1
85,78,-1,-2,158,7,1
33,22,-1,-2,130,18,1
110,107,-1,-2,121,4,1
112,109,-1,-2,123,4,1
72,67,-1,-2,96,5,1
109,107,-2,-2,60,2,1
107,104,-1,-2,117,4,1
85,81,-1,-2,91,4,1
119,117,-2,-2,66,2,1
6,2,-1,-2,4,4,1
64,61,-2,-2,52,3,1
109,106,-2,-2,89,3,1
105,102,-1,-2,87,3,1
110,108,-2,-2,60,2,1
96,92,-1,-2,129,5,1
41,39,-2,-2,22,2,1
40,37,-2,-2,21,2,1
42,38,-2,-2,33,3,1
63,59,-1,-2,85,5,1
97,92,-1,-2,157,6,1
99,87,-1,-2,260,10,1
120,117,-1,-2,98,3,1
113,111,-2,-2,62,2,1
30,28,-1,-2,32,4,1
115,113,-1,-2,96,3,1
28,26,-2,-2,15,2,1
6,2,-1,-2,6,5,1
87,81,-1,-2,162,7,1
32,28,-1,-2,33,4,1
100,98,-1,-2,82,3,1
89,87,-2,-2,49,2,1
35,32,-2,-2,28,3,1
50,48,-2,-2,27,2,1
9,7,-1,-2,9,4,1
55,52,-1,-2,59,4,1
53,49,-1,-2,57,4,1
31,29,-2,-2,17,2,1
44,41,-1,-2,59,5,1
103,97,-1,-2,166,6,1
70,68,-2,-2,39,2,1
66,64,-1,-2,54,3,1
115,107,-2,-2,185,6,1
100,98,-2,-2,55,2,1
106,102,-2,-2,116,4,1
73,71,-2,-2,40,2,1
56,53,-1,-2,45,3,1
106,101,-1,-2,230,8,1
66,61,-1,-2,176,10,1
114,112,-1,-2,94,3,1
101,99,-2,-2,56,2,1
89,84,-1,-2,121,5,1
69,67,-2,-2,38,2,1
70,66,-1,-2,94,5,1
55,51,-1,-2,74,5,1
108,106,-1,-2,89,3,1
71,69,-1,-2,58,3,1
103,101,-2,-2,57,2,1
77,73,-1,-2,83,4,1
37,36,-2,-2,20,2,1
82,80,-1,-2,90,4,1
5,2,-1,-2,4,4,1
56,54,-2,-2,30,2,1
89,86,-1,-2,97,4,1
27,25,-1,-2,37,5,1
118,116,-2,-2,65,2,1
109,107,-2,-2,60,2,1
101,98,-2,-2,83,3,1
119,117,-1,-2,131,4,1
114,112,-2,-2,63,2,1
91,89,-1,-2,75,3,1
116,114,-2,-2,64,2,1
71,69,-2,-2,39,2,1
68,65,-2,-2,55,3,1
77,69,-2,-2,122,6,1
77,71,-2,-2,103,5,1
70,62,-1,-2,129,7,1
68,67,-2,-2,38,2,1
74,64,-1,-2,153,8,1
72,70,-2,-2,39,2,1
39,37,-2,-2,21,2,1
63,59,-2,-2,51,3,1
41,37,-2,-2,32,3,1
49,43,-2,-2,51,4,1
59,52,-2,-2,77,5,1
64,57,-1,-2,101,6,1
77,75,-1,-2,63,3,1
67,64,-1,-2,54,3,1
59,56,-1,-2,47,3,1
55,52,-1,-2,45,3,1
50,47,-1,-2,40,3,1
37,32,-1,-2,47,5,1
54,48,-1,-2,85,6,1
38,24,-1,-2,104,12,1
73,69,-1,-2,79,4,1
45,41,-1,-2,48,4,1
52,45,-1,-2,95,7,1
71,68,-1,-2,77,4,1
47,35,-1,-2,125,11,1
54,49,-1,-2,85,6,1
59,57,-2,-2,32,2,1
54,52,-2,-2,29,2,1
47,43,-2,-2,37,3,1
59,55,-2,-2,47,3,1
50,46,-2,-2,40,3,1
54,49,-2,-2,57,4,1
59,50,-2,-2,90,6,1
65,59,-2,-2,85,5,1
59,54,-2,-2,62,4,1
52,48,-2,-2,56,4,1
50,40,-1,-2,98,8,1
65,55,-1,-2,134,8,1
64,51,-1,-2,159,10,1
67,61,-1,-2,89,5,1
46,43,-1,-2,37,3,1
45,42,-1,-2,36,3,1
54,49,-1,-2,71,5,1
54,51,-1,-2,44,3,1
59,52,-1,-2,91,6,1
62,56,-1,-2,98,6,1
56,50,-1,-2,88,6,1
66,64,-2,-2,36,2,1
28,26,-2,-2,15,2,1
41,32,-2,-2,70,7,1
34,30,-2,-2,35,4,1
26,22,-2,-2,27,4,1
28,21,-1,-2,41,6,1
70,60,-1,-2,146,8,1
29,26,-1,-2,23,3,1
39,31,-1,-2,68,7,1
39,36,-1,-2,31,3,1
66,59,-1,-2,103,6,1
29,25,-1,-2,30,4,1
40,36,-1,-2,42,4,1
66,61,-1,-2,88,5,1
23,19,-1,-2,29,5,1
41,34,-1,-2,72,7,1
23,20,-2,-2,18,3,1
26,20,-1,-2,38,6,1
17,15,-2,-2,9,2,1
32,30,-2,-2,17,2,1
27,23,-2,-2,21,3,1
20,14,-2,-2,19,4,1
23,18,-2,-2,22,4,1
28,25,-1,-2,22,3,1
32,30,-1,-2,26,3,1
26,20,-1,-2,38,6,1
18,14,-1,-2,18,4,1
23,20,-1,-2,24,4,1
32,29,-1,-2,34,4,1
18,14,-1,-2,22,5,1
10,8,-2,-2,5,2,1
14,13,-2,-2,7,2,1
24,21,-2,-2,19,3,1
32,28,-2,-2,25,3,1
32,27,-2,-2,32,4,1
14,10,-2,-2,13,4,1
32,28,-1,-2,34,4,1
27,20,-1,-2,39,6,1
31,23,-1,-2,44,6,1
32,26,-1,-2,39,5,1
28,25,-1,-2,22,3,1
18,13,-1,-2,21,5,1
15,13,-1,-2,12,3,1
23,17,-1,-2,27,5,1
27,24,-1,-2,21,3,1
21,14,-1,-2,29,6,1
20,16,-1,-2,20,4,1
19,15,-1,-2,19,4,1
24,20,-1,-2,31,5,1
23,18,-1,-2,34,6,1
13,5,-2,-2,14,6,1
7,5,-1,-2,5,3,1
5,3,-2,-2,2,2,1
5,2,-1,-2,2,3,1
9,5,-2,-2,6,3,1
11,6,-1,-2,9,4,1
12,9,-1,-2,8,3,1
14,13,-2,-2,7,2,1
7,5,-2,-2,3,2,1
16,9,-1,-2,22,6,1
8,5,-1,-2,6,3,1
7,4,-1,-2,6,4,1
18,10,-1,-2,35,9,1
95,94,-2,-2,53,2,1
68,67,-2,-2,38,2,1
76,74,-2,-2,42,2,1
26,23,-2,-2,20,3,1
30,28,-2,-2,16,2,1
24,19,-2,-2,24,4,1
33,32,-2,-2,18,2,1
79,77,-2,-2,44,2,1
24,23,-2,-2,13,2,1
26,24,-2,-2,14,2,1
31,29,-2,-2,17,2,1
23,21,-2,-2,12,2,1
58,56,-2,-2,32,2,1
20,8,-2,-2,5,2,1
29,27,-2,-2,16,2,1
90,88,-2,-2,50,2,1
72,70,-2,-2,40,2,1
62,60,-2,-2,34,2,1
13,11,-2,-2,6,2,1
68,66,-2,-2,37,2,1
86,84,-2,-2,47,2,1
77,71,-2,-2,82,4,1
36,34,-2,-2,20,2,1
38,34,-2,-2,30,3,1
51,50,-2,-2,28,2,1
5,0,-2,-2,2,4,1
46,42,-2,-2,37,3,1
26,23,-2,-2,20,3,1
50,47,-2,-2,40,3,1
35,29,-2,-2,44,5,1
73,67,-2,-2,97,5,1
43,39,-2,-2,46,4,1
10,5,-2,-2,8,4,1
63,59,-2,-2,68,4,1
59,55,-2,-2,63,4,1
24,20,-2,-2,24,4,1
47,42,-2,-2,50,4,1
38,33,-2,-2,40,4,1
32,28,-1,-2,33,4,1
65,60,-1,-2,69,4,1
68,65,-1,-2,55,3,1
62,59,-1,-2,50,3,1
24,22,-1,-2,19,3,1
19,16,-1,-2,14,3,1
9,6,-1,-2,6,3,1
37,34,-1,-2,30,3,1
31,28,-1,-2,24,3,1
59,56,-1,-2,48,3,1
83,80,-1,-2,68,3,1
21,18,-1,-2,16,3,1
27,22,-1,-2,33,5,1
22,19,-1,-2,17,3,1
35,32,-1,-2,28,3,1
45,42,-1,-2,37,3,1
63,60,-1,-2,52,3,1
14,12,-1,-2,11,3,1
41,38,-1,-2,33,3,1
36,33,-1,-2,29,3,1
73,68,-1,-2,97,5,1
54,51,-1,-2,44,3,1
73,70,-1,-2,60,3,1
56,53,-1,-2,45,3,1
30,27,-1,-2,24,3,1
32,27,-1,-2,42,5,1
21,18,-1,-2,16,3,1
41,39,-1,-2,22,3,1
41,39,-1,-2,33,3,1
57,54,-1,-2,46,3,1
61,59,-1,-2,50,3,1
43,41,-1,-2,35,3,1
69,67,-1,-2,57,3,1
67,55,-1,-2,170,10,1
49,40,-1,-2,99,8,1
48,39,-1,-2,97,8,1
71,59,-1,-2,197,11,1
48,41,-1,-2,74,6,1
46,40,-1,-2,71,6,1
30,20,-1,-2,61,9,1
57,47,-1,-2,131,9,1
51,48,-1,-2,55,4,1
54,50,-1,-2,58,4,1
59,55,-1,-2,63,4,1
29,25,-1,-2,30,4,1
23,19,-1,-2,23,4,1
27,23,-1,-2,28,4,1
93,89,-1,-2,101,4,1
90,83,-1,-2,168,7,1
15,12,-1,-2,15,4,1
35,32,-1,-2,37,4,1
76,72,-1,-2,82,4,1
53,42,-1,-2,132,10,1
38,34,-1,-2,40,4,1
44,41,-1,-2,47,4,1
49,45,-1,-2,52,4,1
31,27,-1,-2,32,4,1
55,51,-1,-2,59,4,1
65,58,-1,-2,118,7,1
57,53,-1,-2,61,4,1
43,40,-1,-2,46,4,1
40,31,-1,-2,88,9,1
70,66,-1,-2,94,5,1
56,51,-1,-2,75,5,1
27,23,-1,-2,35,5,1
40,35,-1,-2,52,5,1
68,63,-1,-2,90,5,1
39,34,-1,-2,51,5,1
13,8,-1,-2,14,5,1
62,57,-1,-2,98,6,1
50,44,-1,-2,78,6,1
6,1,-1,-2,6,6,1
43,38,-1,-2,45,6,1
43,37,-1,-2,77,7,1
68,60,-1,-2,143,8,1
4,2,-2,-2,1,2,1
5,0,-1,-2,4,5,1
3,1,-2,-2,1,2,1
6,1,-1,-2,5,5,1
6,5,-2,-2,3,2,1
8,5,-1,-2,7,4,1
5,4,-2,-2,2,2,1
5,3,-1,-2,3,3,1
9,5,-1,-2,8,4,1
38,36,-2,-2,20,2,1
46,44,-2,-2,25,2,1
25,23,-2,-2,13,2,1
42,41,-2,-2,23,2,1
47,45,-2,-2,25,2,1
56,54,-2,-2,30,2,1
36,34,-2,-2,20,2,1
11,9,-2,-2,5,2,1
20,18,-2,-2,10,2,1
43,41,-2,-2,23,2,1
37,33,-2,-2,29,3,1
32,29,-2,-2,25,3,1
56,50,-2,-2,73,5,1
38,32,-2,-2,48,5,1
37,32,-2,-2,38,4,1
58,53,-2,-2,62,4,1
59,55,-2,-2,63,4,1
22,17,-1,-2,21,4,1
51,44,-1,-2,79,6,1
60,58,-1,-2,49,3,1
47,44,-1,-2,38,3,1
42,37,-1,-2,54,5,1
46,43,-1,-2,37,3,1
55,52,-1,-2,44,3,1
39,36,-1,-2,31,3,1
36,33,-1,-2,29,3,1
30,27,-1,-2,24,3,1
21,18,-1,-2,16,3,1
31,28,-1,-2,24,3,1
48,45,-1,-2,38,3,1
48,45,-1,-2,39,3,1
59,52,-1,-2,92,6,1
56,50,-1,-2,88,6,1
51,48,-1,-2,55,4,1
32,28,-1,-2,33,4,1
48,44,-1,-2,51,4,1
48,44,-1,-2,51,4,1
26,23,-1,-2,27,4,1
23,14,-1,-2,41,8,1
48,40,-1,-2,97,8,1
41,36,-1,-2,53,5,1
30,25,-1,-2,38,5,1
27,20,-1,-2,52,8,1
26,24,-2,-2,14,2,1
49,47,-2,-2,26,2,1
40,37,-1,-2,32,3,1
59,55,-1,-2,63,4,1
55,51,-1,-2,59,4,1
32,27,-1,-2,49,6,1
57,55,-2,-2,31,2,1
48,46,-2,-2,26,2,1
15,14,-2,-2,8,2,1
43,40,-2,-2,34,3,1
52,48,-2,-2,55,4,1
59,55,-2,-2,63,4,1
49,46,-1,-2,39,3,1
53,50,-1,-2,43,3,1
50,44,-1,-2,65,5,1
16,14,-1,-2,12,3,1
52,47,-1,-2,68,5,1
49,45,-1,-2,52,4,1
44,41,-1,-2,47,4,1
17,14,-1,-2,17,4,1
61,58,-1,-2,66,4,1
61,53,-1,-2,126,8,1
48,43,-1,-2,63,5,1
61,57,-1,-2,81,5,1
46,44,-2,-2,25,2,1
22,20,-2,-2,11,2,1
37,35,-2,-2,20,2,1
64,61,-1,-2,52,3,1
55,52,-1,-2,44,3,1
23,20,-1,-2,18,3,1
51,49,-1,-2,42,3,1
31,28,-1,-2,24,3,1
22,19,-1,-2,17,3,1
65,61,-1,-2,70,4,1
62,58,-1,-2,83,5,1
51,47,-1,-2,68,5,1
24,20,-1,-2,31,5,1
58,51,-1,-2,106,7,1
75,73,-2,-2,41,2,1
70,68,-2,-2,38,2,1
66,63,-1,-2,54,3,1
75,71,-1,-2,81,4,1
72,68,-1,-2,97,5,1
70,66,-1,-2,94,5,1
83,81,-2,-2,45,2,1
74,71,-1,-2,60,3,1
79,76,-1,-2,86,4,1
63,60,-1,-2,51,3,1
86,83,-1,-2,94,4,1
107,105,-1,-2,88,3,1
121,119,-2,-2,67,2,1
106,104,-2,-2,58,2,1
79,75,-1,-2,151,7,1
105,102,-1,-2,86,3,1
4,0,-1,-2,3,5,1
84,82,-2,-2,46,2,1
5,2,-1,-2,4,4,1
32,31,-2,-2,17,2,1
94,92,-1,-2,78,3,1
35,33,-2,-2,19,2,1
58,56,-2,-2,32,2,1
30,28,-2,-2,16,2,1
101,98,-1,-2,111,4,1
97,95,-1,-2,80,3,1
96,93,-1,-2,106,4,1
19,5,-1,-2,8,4,1
92,89,-2,-2,75,3,1
12,8,-1,-2,11,4,1
102,99,-1,-2,84,3,1
80,78,-1,-2,88,4,1
101,99,-2,-2,56,2,1
76,74,-2,-2,42,2,1
24,22,-1,-2,19,3,1
49,48,-2,-2,27,2,1
103,100,-1,-2,84,3,1
105,103,-1,-2,86,3,1
93,91,-2,-2,51,2,1
98,95,-2,-2,80,3,1
75,72,-1,-2,61,3,1
77,76,-2,-2,42,2,1
109,106,-1,-2,89,3,1
121,118,-1,-2,100,3,1
103,99,-1,-2,112,4,1
27,22,-1,-2,61,9,1
66,61,-1,-2,124,7,1
98,96,-2,-2,54,2,1
42,40,-1,-2,46,4,1
105,102,-1,-2,86,3,1
8,6,-1,-2,6,3,1
93,91,-2,-2,51,2,1
114,111,-1,-2,188,6,1
98,93,-1,-2,159,6,1
99,98,-2,-2,55,2,1
46,44,-2,-2,25,2,1
108,105,-1,-2,118,4,1
38,33,-1,-2,49,5,1
68,66,-2,-2,37,2,1
60,58,-1,-2,49,3,1
4,2,-1,-2,2,3,1
101,97,-1,-2,166,6,1
14,12,-2,-2,7,2,1
4,2,-1,-2,4,4,1
19,17,-1,-2,15,3,1
4,0,-1,-2,4,7,1
55,52,-1,-2,60,4,1
91,87,-1,-1,123,5,1
5,1,-1,-1,6,6,1
114,112,-1,-1,94,3,1
66,64,-1,-1,36,2,1
60,59,-1,-1,50,3,1
16,13,-1,-1,19,5,1
109,107,-1,-1,60,2,1
38,35,-1,-1,30,3,1
97,95,-1,-1,80,3,1
123,121,-1,-1,102,3,1
68,65,-1,-1,55,3,1
110,109,-1,-1,61,2,1
40,39,-1,-1,33,3,1
68,66,-1,-1,56,3,1
108,107,-1,-1,60,2,1
96,94,-1,-1,79,3,1
83,81,-1,-1,91,4,1
119,117,-1,-1,65,2,1
39,37,-1,-1,21,2,1
46,44,-1,-1,37,3,1
95,92,-1,-1,104,4,1
119,117,-1,-1,98,3,1
53,51,-1,-1,43,3,1
104,101,-1,-1,114,4,1
74,73,-1,-1,41,2,1
105,103,-1,-1,116,4,1
114,112,-1,-1,63,2,1
56,54,-1,-1,46,3,1
20,19,-1,-1,11,2,1
110,109,-1,-1,61,2,1
63,61,-1,-1,35,2,1
31,29,-1,-1,25,3,1
59,57,-1,-1,48,3,1
65,61,-1,-1,70,4,1
78,76,-1,-1,85,4,1
97,93,-1,-1,184,7,1
27,25,-1,-1,21,3,1
96,93,-1,-1,131,5,1
93,91,-1,-1,51,2,1
83,80,-1,-1,113,5,1
91,89,-1,-1,75,3,1
100,99,-1,-1,55,2,1
4,2,-1,-1,3,4,1
96,94,-1,-1,53,2,1
54,53,-1,-1,45,3,1
106,102,-1,-1,145,5,1
102,100,-1,-1,84,3,1
99,97,-1,-1,54,2,1
5,2,0,-1,11,11,1
100,99,-1,-1,55,2,1
105,101,-1,-1,172,6,1
110,109,-1,-1,61,2,1
11,10,-1,-1,6,2,1
106,102,-1,-1,174,6,1
97,96,-1,-1,53,2,1
102,101,-1,-1,57,2,1
57,55,-1,-1,63,4,1
40,39,-1,-1,44,4,1
73,69,-1,-1,118,6,1
104,102,-1,-1,86,3,1
45,44,-1,-1,25,2,1
67,65,0,-1,73,4,1
66,65,-1,-1,54,3,1
5,3,-1,-1,2,2,1
60,57,-1,-1,82,5,1
59,56,-1,-1,64,4,1
114,113,-1,-1,95,3,1
13,12,-1,-1,7,2,1
124,121,-1,-1,170,5,1
102,100,-1,-1,112,4,1
51,49,-1,-1,41,3,1
103,101,-1,-1,85,3,1
98,97,-1,-1,54,2,1
83,80,-1,-1,90,4,1
75,71,-1,-1,143,7,1
52,51,-1,-1,43,3,1
4,2,-1,-1,2,3,1
105,103,-1,-1,115,4,1
34,32,-1,-1,27,3,1
93,92,-1,-1,51,2,1
70,69,-1,-1,58,3,1
63,61,-1,-1,52,3,1
39,38,-1,-1,21,2,1
51,49,-1,-1,56,4,1
56,55,-1,-1,46,3,1
23,21,-1,-1,12,2,1
64,63,-1,-1,53,3,1
104,103,-1,-1,86,3,1
103,101,-1,-1,85,3,1
108,105,-1,-1,178,6,1
4,2,-1,-1,3,3,1
108,107,-1,-1,60,2,1
52,51,-1,-1,29,2,1
8,7,-1,-1,4,2,1
55,54,0,-1,60,4,1
5,2,0,-1,15,13,1
107,105,-1,-1,59,2,1
60,57,-1,-1,82,5,1
117,115,-1,-1,96,3,1
74,73,-1,-1,61,3,1
79,78,-1,-1,44,2,1
56,54,-1,-1,62,4,1
56,54,-1,-1,31,2,1
60,58,-1,-1,49,3,1
79,77,0,-1,108,5,1
84,82,-1,-1,70,3,1
109,106,-1,-1,149,5,1
62,61,-1,-1,34,2,1
4,1,-1,-1,3,5,1
93,92,-1,-1,52,2,1
78,77,-1,-1,43,2,1
114,113,-1,-1,63,2,1
106,105,-1,-1,59,2,1
112,107,-1,-1,335,11,1
82,81,0,-1,91,4,1
111,109,-1,-1,122,4,1
4,1,-1,-1,3,5,1
97,96,-1,-1,81,3,1
80,77,-1,-1,110,5,1
96,95,-1,-1,53,2,1
54,53,-1,-1,45,3,1
109,108,-1,-1,60,2,1
97,96,-1,-1,54,2,1
4,2,-1,-1,4,4,1
109,107,-1,-1,90,3,1
4,1,-1,-1,3,4,1
72,71,-1,-1,40,2,1
4,1,-1,-1,3,4,1
115,113,-1,-1,127,4,1
97,96,-1,-1,54,2,1
52,51,-1,-1,43,3,1
39,35,-1,-1,51,5,1
37,35,-1,-1,30,3,1
55,54,-1,-1,31,2,1
103,102,-1,-1,57,2,1
71,70,-1,-1,39,2,1
68,66,-1,-1,56,3,1
88,87,-1,-1,73,3,1
112,111,-1,-1,62,2,1
39,38,-1,-1,21,2,1
53,50,-1,-1,72,5,1
100,99,-1,-1,55,2,1
104,102,-1,-1,115,4,1
66,65,-1,-1,36,2,1
32,31,-1,-1,26,3,1
4,2,0,-1,5,6,1
46,45,-1,-1,25,2,1
74,73,0,-1,61,3,1
117,116,-1,-1,65,2,1
31,30,-1,-1,17,2,1
102,101,-1,-1,85,3,1
94,93,-1,-1,52,2,1
115,114,0,-1,127,4,1
39,38,-1,-1,32,3,1
105,104,-1,-1,87,3,1
79,78,-1,-1,44,2,1
75,74,-1,-1,41,2,1
72,69,-1,-1,78,4,1
66,63,-1,-1,71,4,1
70,68,-1,-1,76,4,1
76,72,-1,-1,102,5,1
72,68,-1,-1,97,5,1
53,52,-1,-1,29,2,1
44,43,-1,-1,24,2,1
54,52,-1,-1,44,3,1
63,61,-1,-1,52,3,1
62,59,-1,-1,67,4,1
45,41,-1,-1,60,5,1
49,43,-1,-1,89,7,1
55,52,-1,-1,59,4,1
62,55,-1,-1,146,9,1
44,42,-1,-1,36,3,1
62,59,-1,-1,84,5,1
58,53,-1,-1,92,6,1
53,50,-1,-1,71,5,1
64,60,-1,-1,86,5,1
56,55,-1,-1,31,2,1
38,37,-1,-1,21,2,1
60,59,-1,-1,33,2,1
51,50,-1,-1,28,2,1
28,26,-1,-1,22,3,1
23,22,-1,-1,19,3,1
35,32,-1,-1,37,4,1
33,31,-1,-1,35,4,1
32,30,-1,-1,25,3,1
23,21,-1,-1,24,4,1
24,21,-1,-1,31,5,1
25,22,-1,-1,32,5,1
34,32,-1,-1,36,4,1
27,24,-1,-1,28,4,1
29,23,-1,-1,51,7,1
27,23,-1,-1,41,6,1
29,24,-1,-1,44,6,1
38,36,-1,-1,31,3,1
38,34,-1,-1,50,5,1
33,32,-1,-1,27,3,1
51,50,-1,-1,42,3,1
47,45,-1,-1,38,3,1
32,30,-1,-1,34,4,1
48,46,-1,-1,39,3,1
43,41,-1,-1,35,3,1
57,54,-1,-1,61,4,1
48,45,-1,-1,51,4,1
32,31,-1,-1,17,2,1
33,32,-1,-1,18,2,1
54,53,-1,-1,30,2,1
68,67,-1,-1,37,2,1
77,76,-1,-1,42,2,1
47,46,-1,-1,26,2,1
63,62,-1,-1,35,2,1
70,69,-1,-1,39,2,1
73,71,-1,-1,60,3,1
75,74,-1,-1,41,2,1
42,41,-1,-1,23,2,1
54,52,-1,-1,44,3,1
68,66,-1,-1,55,3,1
63,61,-1,-1,52,3,1
45,43,-1,-1,37,3,1
34,31,-1,-1,45,5,1
54,50,-1,-1,72,5,1
27,25,-1,-1,22,3,1
23,21,-1,-1,18,3,1
24,22,-1,-1,25,4,1
23,20,-1,-1,23,4,1
50,48,-1,-1,54,4,1
62,59,-1,-1,67,4,1
35,32,-1,-1,37,4,1
27,24,-1,-1,28,4,1
44,41,-1,-1,47,4,1
23,21,-1,-1,24,4,1
29,25,-1,-1,37,5,1
24,20,-1,-1,37,6,1
29,24,-1,-1,44,6,1
30,23,-1,-1,59,8,1
61,59,-1,-1,50,3,1
57,53,-1,-1,76,5,1
41,39,-1,-1,33,3,1
55,53,-1,-1,45,3,1
60,59,-1,-1,49,3,1
33,32,-1,-1,27,3,1
52,49,-1,-1,70,5,1
51,50,-1,-1,42,3,1
50,49,-1,-1,41,3,1
43,39,-1,-1,68,6,1
41,39,-1,-1,44,4,1
37,34,-1,-1,39,4,1
62,61,-1,-1,34,2,1
71,70,-1,-1,39,2,1
67,66,-1,-1,37,2,1
80,79,-1,-1,44,2,1
17,16,-1,-1,9,2,1
40,38,-1,-1,32,3,1
49,47,-1,-1,40,3,1
17,16,-1,-1,9,2,1
87,86,-1,-1,48,2,1
17,15,-1,-1,13,3,1
13,11,-1,-1,10,3,1
17,14,-1,-1,17,4,1
9,7,-1,-1,7,3,1
12,10,-1,-1,9,3,1
20,14,-1,-1,37,8,1
10,8,-1,-1,7,3,1
14,12,-1,-1,10,3,1
14,13,-1,-1,11,3,1
7,5,-1,-1,5,3,1
8,5,-1,-1,7,4,1
8,6,-1,-1,6,3,1
6,3,-1,-1,6,5,1
6,4,-1,-1,5,4,1
4,3,-1,-1,2,2,1
4,2,-1,-1,2,3,1
6,5,-1,-1,3,2,1
8,5,-1,-1,7,4,1
5,4,-1,-1,4,3,1
57,56,-1,-1,31,2,1
77,76,-1,-1,42,2,1
68,67,-1,-1,56,3,1
84,83,-1,-1,46,2,1
100,98,-1,-1,83,3,1
68,68,-1,-1,38,2,1
34,33,-1,-1,19,2,1
73,72,-1,-1,40,2,1
58,56,-1,-1,47,3,1
48,46,-1,-1,39,3,1
31,30,-1,-1,17,2,1
24,23,-1,-1,13,2,1
20,9,-1,-1,5,2,1
40,38,-1,-1,32,3,1
20,19,-1,-1,11,2,1
59,56,-1,-1,64,4,1
83,80,-1,-1,91,4,1
5,5,-1,-1,3,2,1
32,30,-1,-1,26,3,1
5,3,-1,-1,5,4,1
15,14,-1,-1,8,2,1
82,77,-1,-1,133,6,1
13,12,-1,-1,7,2,1
9,8,-1,-1,5,2,1
29,27,-1,-1,23,3,1
24,23,-1,-1,20,3,1
42,41,-1,-1,23,2,1
40,39,-1,-1,22,2,1
33,32,-1,-1,18,2,1
23,23,-1,-1,13,2,1
62,61,-1,-1,34,2,1
21,20,-1,-1,11,2,1
68,66,-1,-1,56,3,1
50,50,-1,-1,28,2,1
54,52,-1,-1,44,3,1
32,31,-1,-1,17,2,1
65,62,-1,-1,71,4,1
78,77,-1,-1,65,3,1
60,59,-1,-1,50,3,1
38,35,-1,-1,41,4,1
30,29,-1,-1,16,2,1
54,53,-1,-1,30,2,1
50,49,-1,-1,27,2,1
45,44,-1,-1,25,2,1
18,17,-1,-1,10,2,1
28,27,-1,-1,15,2,1
16,15,-1,-1,9,2,1
71,70,-1,-1,39,2,1
76,75,-1,-1,42,2,1
67,66,-1,-1,37,2,1
26,23,-1,-1,34,5,1
16,14,-1,-1,13,3,1
26,23,-1,-1,27,4,1
37,34,-1,-1,39,4,1
59,58,-1,-1,49,3,1
64,62,-1,-1,52,3,1
55,53,-1,-1,45,3,1
69,67,-1,-1,75,4,1
25,24,-1,-1,14,2,1
13,12,-1,-1,7,2,1
21,19,-1,-1,16,3,1
16,15,-1,-1,9,2,1
30,27,-1,-1,31,4,1
20,18,-1,-1,16,3,1
23,23,-1,-1,13,2,1
29,28,-1,-1,16,2,1
24,23,-1,-1,19,3,1
19,18,-1,-1,10,2,1
22,19,-1,-1,22,4,1
22,20,-1,-1,17,3,1
8,7,-1,-1,4,2,1
5,5,-1,-1,3,2,1
22,21,-1,-1,12,2,1
8,7,-1,-1,4,2,1
31,29,-1,-1,25,3,1
11,10,-1,-1,6,2,1
46,45,-1,-1,25,2,1
55,54,-1,-1,30,2,1
50,50,-1,-1,28,2,1
65,63,-1,-1,53,3,1
43,42,-1,-1,24,2,1
59,59,-1,-1,33,2,1
52,51,-1,-1,29,2,1
57,56,-1,-1,31,2,1
46,45,-1,-1,25,2,1
37,36,-1,-1,20,2,1
41,41,-1,-1,23,2,1
57,56,-1,-1,31,2,1
61,60,-1,-1,34,2,1
65,64,-1,-1,36,2,1
83,82,-1,-1,46,2,1
78,77,-1,-1,43,2,1
77,76,-1,-1,43,2,1
105,104,-1,-1,58,2,1
57,55,-1,-1,78,5,1
55,53,-1,-1,29,4,1
52,51,-1,-1,29,2,1
89,88,-1,-1,49,2,1
18,15,0,-1,36,8,1
42,40,0,-1,57,5,1
94,93,-1,-1,52,2,1
102,100,-1,-1,84,3,1
93,92,-1,-1,51,2,1
44,43,-1,-1,24,2,1
65,64,-1,-1,36,2,1
69,68,-1,-1,38,2,1
104,104,-1,-1,58,2,1
66,64,-1,-1,72,4,1
51,49,-1,-1,56,4,1
48,47,0,-1,40,3,1
115,113,0,-1,127,4,1
4,3,-1,-1,2,2,1
67,66,-1,-1,37,2,1
104,102,-1,-1,86,3,1
60,59,-1,-1,33,2,1
118,117,0,-1,131,4,1
55,53,0,-1,60,4,1
57,56,-1,-1,32,2,1
57,56,0,-1,47,4,1
63,61,-1,-1,52,3,1
63,62,0,-1,52,3,1
107,106,-1,-1,59,2,1
23,23,-1,-1,13,2,1
61,60,-1,-1,33,2,1
110,108,-1,-1,91,3,1
100,99,-1,-1,83,3,1
105,104,-1,-1,87,3,1
104,103,-1,-1,57,2,1
120,118,-1,-1,132,4,1
86,85,-1,-1,48,2,1
88,87,-1,-1,49,2,1
41,41,0,-1,34,3,1
103,103,-1,-1,57,2,1
116,115,-1,-1,64,2,1
57,55,-1,-1,47,3,1
112,111,-1,-1,62,2,1
57,55,-1,-1,78,5,1
106,105,0,-1,117,4,1
62,60,0,-1,85,5,1
50,49,-1,-1,42,3,1
57,56,-1,-1,47,3,1
79,78,-1,-1,44,2,1
34,34,-1,-1,19,2,1
4,1,0,-1,6,8,1
9,8,-1,-1,5,2,1
7,6,0,-1,7,4,1
63,61,0,-1,69,4,1
15,14,0,-1,16,4,1
46,45,0,-1,50,4,1
77,76,0,-1,85,4,1
54,53,-1,-1,30,2,1
98,97,0,-1,81,3,1
48,47,-1,-1,27,2,1
110,108,-1,-1,91,3,1
39,39,-1,-1,22,2,1
51,50,0,-1,42,3,1
49,48,-1,-1,27,2,1
98,97,-1,-1,54,2,1
105,104,-1,-1,58,2,1
8,7,0,-1,6,3,1
5,4,0,-1,3,3,1
13,12,-1,-1,7,2,1
12,11,0,-1,9,3,1
107,106,0,-1,89,3,1
71,70,-1,-1,39,2,1
56,55,-1,-1,31,2,1
49,48,0,-1,40,3,1
70,68,-1,-1,58,3,1
114,113,-1,-1,63,2,1
77,76,0,-1,106,5,1
111,109,0,-1,122,4,1
108,107,-1,-1,60,2,1
112,111,-1,-1,124,4,1
104,103,-1,-1,58,2,1
67,66,0,-1,56,3,1
31,31,-1,-1,17,2,1
55,54,-1,-1,30,2,1
57,56,-1,-1,31,2,1
65,64,-1,-1,36,2,1
103,102,-1,-1,57,2,1
98,98,-1,-1,54,2,1
111,110,-1,-1,61,2,1
42,41,0,-1,34,3,1
41,40,-1,-1,23,2,1
89,88,-1,-1,49,2,1
105,104,0,-1,87,3,1
101,100,0,-1,84,3,1
107,106,-1,-1,89,3,1
56,55,0,-1,46,3,1
102,102,-1,-1,57,2,1
76,76,-1,-1,42,2,1
123,122,-1,-1,68,2,1
77,76,-1,-1,42,2,1
77,77,0,-1,64,3,1
78,77,-1,-1,43,2,1
94,93,-1,-1,52,2,1
69,67,0,-1,95,5,1
95,94,-1,-1,52,2,1
110,109,-1,-1,61,2,1
63,62,-1,-1,35,2,1
76,75,-1,-1,63,3,1
96,95,-1,-1,53,2,1
84,84,-1,-1,47,2,1
28,28,-1,-1,16,2,1
93,93,-1,-1,52,2,1
117,116,-1,-1,65,2,1
101,100,-1,-1,56,2,1
43,42,0,-1,47,4,1
54,53,-1,-1,45,3,1
94,94,-1,-1,52,2,1
64,63,0,-1,70,4,1
98,97,0,-1,135,5,1
53,53,-1,-1,29,2,1
41,40,-1,-1,22,2,1
109,109,-1,-1,61,2,1
86,86,-1,-1,48,2,1
62,62,-1,-1,35,2,1
55,54,0,-1,46,3,1
52,51,-1,-1,29,2,1
54,53,0,-1,44,3,1
89,89,-1,-1,49,2,1
55,55,-1,-1,30,2,1
41,41,-1,-1,23,2,1
107,107,0,0,89,3,1
98,97,0,0,54,2,1
37,37,0,0,31,3,1
83,83,0,0,46,2,1
107,106,0,0,59,2,1
101,101,0,0,112,4,1
31,30,0,0,26,3,1
113,112,0,0,62,2,1
82,81,0,0,45,2,1
19,17,0,0,35,7,1
83,83,0,0,69,3,1
95,94,0,0,79,3,1
11,10,0,0,6,2,1
48,48,0,0,27,2,1
106,105,0,0,147,5,1
112,111,0,0,62,2,1
75,73,0,0,143,7,1
99,99,0,0,83,3,1
108,108,0,0,60,2,1
61,60,0,0,50,3,1
68,67,0,0,56,3,1
43,42,0,0,24,2,1
105,104,0,0,58,2,1
71,71,0,0,40,2,1
119,118,0,0,132,4,1
100,100,0,0,56,2,1
50,50,0,0,28,2,1
108,107,0,0,60,2,1
54,54,0,0,30,2,1
115,115,0,0,64,2,1
104,103,0,0,57,2,1
10,9,0,0,5,2,1
105,105,0,0,58,2,1
105,105,0,0,58,2,1
47,46,0,0,26,2,1
96,96,0,0,54,2,1
50,49,0,0,28,2,1
9,9,0,0,5,2,1
55,54,0,0,45,3,1
95,94,0,0,52,2,1
108,108,0,0,60,2,1
96,96,0,0,80,3,1
69,68,0,0,76,4,1
103,103,0,0,57,2,1
100,100,0,0,55,2,1
19,19,0,0,10,2,1
62,62,0,0,35,2,1
93,93,0,0,52,2,1
91,91,0,0,76,3,1
44,43,0,0,24,2,1
102,102,0,0,57,2,1
78,77,0,0,64,3,1
114,114,0,0,95,3,1
64,64,0,0,53,3,1
73,72,0,0,61,3,1
66,66,0,0,37,2,1
59,58,0,0,32,2,1
55,55,0,0,31,3,1
94,94,0,0,52,2,1
103,103,0,0,57,2,1
102,102,0,0,57,2,1
47,47,0,0,26,2,1
6,6,0,0,3,2,1
108,107,0,0,89,3,1
111,111,0,0,62,2,1
105,105,0,0,58,2,1
103,103,0,0,86,3,1
53,52,0,0,44,3,1
44,44,0,0,37,3,1
105,105,0,0,58,2,1
117,117,0,0,97,3,1
64,63,0,0,35,2,1
42,41,0,0,35,3,1
115,115,0,0,64,2,1
107,107,0,0,59,2,1
126,125,0,0,70,2,1
71,71,0,0,59,3,1
85,84,0,0,47,2,1
105,104,0,0,58,2,1
107,106,0,0,59,2,1
44,43,0,0,24,2,1
49,49,0,0,27,2,1
99,99,0,0,83,3,1
72,72,0,0,40,2,1
40,40,0,0,22,2,1
76,76,0,0,42,2,1
18,17,0,0,10,2,1
99,99,0,0,55,2,1
103,103,0,0,57,2,1
73,73,0,0,40,2,1
53,53,0,0,29,2,1
120,120,0,0,133,4,1
104,104,0,0,58,2,1
59,59,0,0,33,2,1
74,74,0,0,41,2,1
68,68,0,0,57,3,1
80,80,0,0,45,2,1
13,12,0,0,25,7,1
102,102,0,0,57,2,1
55,55,0,0,30,2,1
126,126,0,0,70,2,1
6,6,0,0,4,2,1
88,87,0,0,73,3,1
44,44,0,0,25,2,1
39,39,0,0,22,2,1
5,4,0,0,2,2,1
110,110,0,0,61,2,1
44,44,0,0,25,2,1
54,54,0,0,30,2,1
31,31,0,0,17,2,1
47,47,0,0,26,2,1
20,19,0,0,11,2,1
58,57,0,0,32,2,1
82,82,0,0,45,2,1
96,96,0,0,53,2,1
33,32,0,0,18,2,1
106,106,0,0,59,2,1
104,104,0,0,58,2,1
59,58,0,0,32,2,1
101,101,0,0,56,2,1
17,16,0,0,18,4,1
81,81,0,0,45,2,1
8,7,0,0,8,4,1
46,46,0,0,26,2,1
55,55,0,0,30,2,1
9,8,0,0,5,2,1
64,64,0,0,54,3,1
44,44,0,0,24,2,1
58,58,0,0,32,2,1
107,107,0,0,59,2,1
71,71,0,0,39,2,1
33,33,0,0,18,2,1
93,93,0,0,51,2,1
5,4,0,0,4,3,1
51,51,0,0,28,2,1
38,38,0,0,21,2,1
5,5,0,0,3,2,1
67,66,0,0,55,3,1
100,100,0,0,55,2,1
66,66,0,0,37,2,1
16,16,0,0,18,4,1
4,3,0,0,8,8,1
44,44,0,0,24,2,1
104,104,0,0,58,2,1
65,65,0,0,36,2,1
59,59,0,0,33,2,1
111,111,0,0,61,2,1
4,4,0,0,6,6,1
37,37,0,0,21,2,1
52,52,0,0,29,2,1
51,51,0,0,28,2,1
75,75,0,0,62,3,1
111,111,0,0,92,3,1
105,105,0,0,58,2,1
61,61,0,0,51,3,1
4,4,0,0,3,3,1
75,75,0,0,42,2,1
20,20,0,0,33,6,1
4,4,0,0,4,4,1
119,118,0,0,66,2,1
90,90,0,0,50,2,1
85,85,0,0,47,2,1
99,99,0,0,55,2,1
50,50,0,0,28,2,1
105,105,0,0,58,2,1
96,96,0,0,53,2,1
12,12,0,0,7,2,1
29,29,0,0,16,2,1
50,49,0,0,27,2,1
71,71,0,0,40,2,1
42,42,0,0,35,3,1
9,9,0,0,5,2,1
72,72,0,0,40,2,1
109,109,0,0,60,2,1
46,46,0,0,25,2,1
106,106,0,0,59,2,1
60,60,0,0,34,2,1
46,46,0,0,26,2,1
11,11,0,0,9,3,1
100,100,0,0,56,2,1
104,104,0,0,86,3,1
104,104,0,0,58,2,1
79,79,0,0,44,2,1
59,59,0,0,33,2,1
45,45,0,0,25,2,1
65,65,0,0,36,2,1
104,104,0,0,58,2,1
110,110,0,0,61,2,1
62,62,0,0,34,2,1
4,4,0,0,2,2,1
39,39,0,0,32,3,1
34,34,0,0,19,2,1
45,45,0,0,25,2,1
33,33,0,0,18,2,1
66,66,0,0,37,2,1
109,109,0,0,61,2,1
39,39,0,0,22,2,1
