59,0,-59,-59,16,2,1
62,0,-21,-58,50,4,1
61,6,-27,-54,21,3,1
51,0,-51,-51,14,2,1
52,1,-13,-49,18,5,1
44,0,-44,-44,12,2,1
43,0,-22,-42,24,3,1
68,15,-17,-37,53,4,1
72,38,-34,-34,30,2,1
55,21,-34,-34,21,2,1
41,1,-10,-32,43,5,1
70,38,-32,-32,30,2,1
32,0,-32,-32,9,2,1
53,13,-14,-32,44,4,1
44,5,-10,-32,21,5,1
84,0,-14,-30,90,7,1
36,1,-9,-29,20,5,1
62,21,-8,-27,54,6,1
27,1,-26,-26,8,2,1
24,0,-24,-24,7,2,1
24,1,-23,-23,7,2,1
55,0,-7,-23,55,9,1
102,59,-7,-23,141,7,1
92,54,-9,-22,93,5,1
40,0,-7,-21,28,7,1
41,0,-8,-21,25,6,1
68,5,-5,-20,138,12,1
23,3,-20,-20,7,2,1
66,44,-11,-20,43,3,1
29,4,-4,-19,24,6,1
62,0,-9,-19,48,8,1
47,0,-5,-19,75,10,1
41,23,-19,-19,18,2,1
53,32,-10,-19,33,3,1
23,0,-8,-19,17,4,1
56,0,-6,-19,103,11,1
72,0,-6,-18,148,13,1
39,21,-18,-18,17,2,1
32,0,-8,-18,15,5,1
24,6,-18,-18,8,2,1
50,3,-6,-18,88,9,1
40,7,-5,-17,33,6,1
45,0,-9,-17,44,6,1
37,11,-9,-17,30,4,1
54,0,-7,-17,76,9,1
54,0,-5,-17,97,11,1
25,8,-17,-17,9,2,1
30,0,-3,-16,36,10,1
28,3,-3,-16,31,7,1
49,0,-8,-16,38,7,1
66,3,-11,-16,76,7,1
57,0,-9,-16,44,7,1
57,0,-8,-16,57,8,1
22,4,-4,-15,10,5,1
66,1,-3,-15,163,20,1
53,1,-3,-15,100,15,1
44,10,-7,-15,45,6,1
28,0,-7,-15,13,5,1
59,25,-7,-15,67,6,1
59,0,-5,-15,151,14,1
54,0,-4,-15,122,14,1
32,0,-5,-15,40,8,1
71,56,-15,-15,35,2,1
39,0,-5,-15,46,9,1
16,0,-5,-15,13,4,1
45,1,-3,-15,62,12,1
60,46,-14,-14,29,2,1
57,11,-8,-14,66,7,1
45,0,-8,-14,34,7,1
47,0,-6,-14,43,9,1
56,0,-6,-14,104,11,1
57,0,-9,-14,55,7,1
41,2,-8,-14,44,6,1
38,0,-6,-14,29,7,1
40,0,-5,-14,38,9,1
75,2,-4,-14,227,18,1
14,0,-14,-14,4,2,1
43,0,-6,-14,56,8,1
45,3,-4,-14,69,11,1
14,0,-14,-14,4,2,1
59,26,-8,-14,54,5,1
45,0,-8,-14,49,7,1
47,5,-7,-14,48,7,1
54,0,-7,-14,61,9,1
59,0,-5,-14,105,12,1
41,0,-5,-14,53,9,1
90,73,-4,-14,108,5,1
71,0,-4,-13,209,18,1
51,11,-6,-13,77,8,1
44,14,-4,-13,68,8,1
86,73,-13,-13,44,2,1
26,3,-5,-13,19,6,1
58,0,-4,-13,140,15,1
29,0,-4,-13,22,8,1
13,0,-13,-13,4,2,1
51,25,-9,-13,41,4,1
24,0,-8,-13,11,4,1
70,44,-5,-13,86,6,1
25,0,-5,-13,22,6,1
13,0,-13,-13,3,2,1
34,0,-9,-13,28,5,1
57,32,-6,-13,57,5,1
37,0,-4,-13,33,10,1
21,1,-1,-13,18,3,1
76,0,-4,-13,204,18,1
32,0,-8,-12,24,5,1
51,0,-5,-12,93,12,1
48,0,-5,-12,58,10,1
35,7,-5,-12,38,7,1
53,20,-4,-12,97,9,1
27,11,-8,-12,17,3,1
25,0,-6,-12,20,5,1
12,0,-12,-12,3,2,1
45,33,-12,-12,22,2,1
40,25,-7,-12,26,3,1
53,0,-7,-12,57,9,1
19,0,-6,-12,8,4,1
63,0,-5,-12,111,13,1
65,3,-5,-12,157,13,1
25,0,-3,-12,40,9,1
37,25,-12,-12,17,2,1
30,9,-7,-12,19,4,1
47,22,-6,-12,51,5,1
52,6,-5,-12,76,11,1
58,0,-7,-12,62,9,1
27,10,-2,-11,23,5,1
53,14,-6,-11,67,7,1
68,0,-4,-11,191,17,1
56,18,-4,-11,101,10,1
42,14,-7,-11,38,5,1
59,0,-6,-11,103,11,1
28,0,-6,-11,23,6,1
68,8,-5,-11,121,12,1
37,0,-5,-11,40,8,1
39,5,-4,-11,63,9,1
40,16,-4,-11,61,7,1
31,0,-3,-11,47,10,1
71,0,-5,-11,179,16,1
11,0,-11,-11,3,2,1
40,0,-7,-11,33,7,1
53,28,-6,-11,60,5,1
81,0,-6,-11,157,14,1
55,0,-6,-11,66,10,1
36,0,-6,-11,28,7,1
12,0,-6,-11,4,3,1
50,21,-6,-11,55,6,1
23,0,-6,-11,16,5,1
56,0,-6,-11,98,11,1
15,0,-5,-11,6,4,1
41,0,-5,-11,45,9,1
48,23,-5,-11,63,6,1
29,5,-5,-11,28,6,1
40,22,-5,-11,46,5,1
28,11,-4,-11,25,5,1
63,0,-4,-11,170,19,1
44,0,-3,-11,84,15,1
59,11,-3,-11,149,17,1
40,5,-3,-11,95,15,1
11,0,-11,-11,3,2,1
65,38,-5,-11,88,6,1
45,3,-5,-11,62,9,1
25,0,-6,-11,13,5,1
58,0,-6,-11,97,11,1
15,0,-5,-11,11,4,1
14,0,-5,-11,10,4,1
17,0,-3,-11,20,6,1
62,44,-5,-10,59,5,1
57,7,-3,-10,155,19,1
32,21,-5,-10,20,3,1
45,14,-5,-10,59,7,1
63,18,-5,-10,135,11,1
52,26,-4,-10,78,7,1
54,23,-4,-10,89,9,1
71,5,-4,-10,142,16,1
53,19,-3,-10,120,11,1
43,21,-7,-10,37,4,1
21,0,-7,-10,13,4,1
21,7,-4,-10,18,4,1
54,0,-5,-10,115,12,1
29,0,-7,-10,19,5,1
22,0,-7,-10,13,4,1
47,0,-7,-10,51,8,1
50,0,-6,-10,66,9,1
55,0,-6,-10,86,10,1
45,6,-6,-10,53,8,1
50,14,-5,-10,70,8,1
14,0,-5,-10,6,4,1
23,0,-5,-10,22,6,1
44,12,-5,-10,62,8,1
35,0,-4,-10,48,9,1
17,0,-4,-10,15,5,1
17,1,-4,-10,10,5,1
46,33,-4,-10,42,4,1
41,0,-4,-10,73,11,1
45,6,-4,-10,79,11,1
66,0,-4,-10,174,18,1
15,0,-4,-10,13,5,1
32,0,-4,-10,37,10,1
47,0,-3,-10,89,15,1
64,7,-3,-10,202,18,1
56,33,-3,-10,98,8,1
34,0,-3,-10,75,12,1
44,0,-3,-10,101,16,1
27,1,-3,-10,50,10,1
12,0,-2,-10,52,4,1
41,0,-6,-10,43,8,1
25,0,-6,-10,16,5,1
51,0,-4,-10,106,13,1
15,4,-4,-10,10,4,1
26,0,-4,-10,20,8,1
32,0,-5,-10,31,7,1
25,1,-5,-10,19,6,1
50,0,-5,-10,97,12,1
30,0,-4,-10,29,8,1
31,0,-4,-10,41,8,1
34,5,-4,-10,54,9,1
11,1,-10,-10,3,2,1
38,0,-5,-10,37,8,1
22,12,-10,-10,9,2,1
50,13,-5,-10,75,8,1
55,29,-5,-10,67,6,1
47,9,-4,-10,99,11,1
52,36,-5,-10,46,4,1
59,41,-5,-10,68,5,1
47,20,-5,-9,59,6,1
35,19,-3,-9,48,7,1
34,25,-9,-9,16,2,1
39,0,-6,-9,43,8,1
44,0,-4,-9,67,11,1
34,17,-4,-9,32,5,1
16,5,-5,-9,10,3,1
28,0,-3,-9,47,10,1
9,0,-9,-9,3,2,1
47,38,-9,-9,23,2,1
18,9,-9,-9,8,2,1
41,14,-7,-9,39,5,1
50,10,-7,-9,62,7,1
64,0,-6,-9,103,11,1
67,49,-6,-9,63,4,1
25,14,-6,-9,15,3,1
18,7,-5,-9,10,3,1
61,29,-5,-9,88,7,1
77,4,-5,-9,207,15,1
60,0,-5,-9,138,13,1
65,0,-5,-9,146,14,1
10,0,-5,-9,3,3,1
36,12,-5,-9,43,6,1
23,8,-5,-9,15,4,1
14,0,-5,-9,9,4,1
45,17,-5,-9,61,7,1
59,27,-5,-9,97,8,1
48,0,-4,-9,93,12,1
34,13,-4,-9,39,6,1
56,0,-4,-9,99,14,1
51,0,-4,-9,92,13,1
45,15,-4,-9,62,8,1
13,0,-4,-9,9,4,1
40,23,-4,-9,41,5,1
44,12,-4,-9,64,9,1
42,10,-4,-9,69,9,1
34,2,-4,-9,41,9,1
32,0,-4,-9,46,9,1
62,3,-4,-9,163,16,1
30,10,-4,-9,27,6,1
50,5,-4,-9,104,13,1
33,0,-4,-9,39,10,1
11,0,-4,-9,8,4,1
35,0,-4,-9,51,11,1
61,32,-3,-9,139,10,1
55,0,-3,-9,156,19,1
50,31,-3,-9,92,8,1
37,14,-3,-9,77,9,1
52,27,-3,-9,99,10,1
50,2,-4,-9,87,12,1
32,0,-4,-9,45,9,1
28,0,-3,-9,41,9,1
25,6,-2,-9,49,9,1
14,0,-3,-9,15,6,1
35,0,-6,-9,31,7,1
22,0,-5,-9,11,5,1
49,7,-5,-9,79,9,1
22,12,-5,-9,15,3,1
56,0,-5,-9,106,13,1
63,0,-4,-9,154,16,1
16,1,-4,-9,13,5,1
22,3,-4,-9,20,6,1
19,0,-3,-9,13,7,1
15,4,-3,-9,16,5,1
44,0,-2,-9,114,3,1
35,10,-5,-9,37,6,1
26,17,-9,-9,12,2,1
53,0,-5,-9,88,12,1
41,24,-4,-9,43,5,1
51,0,-5,-9,72,11,1
67,0,-6,-9,100,12,1
63,51,-4,-8,63,4,1
41,25,-8,-8,27,3,1
43,28,-5,-8,40,4,1
57,0,-4,-8,122,14,1
34,22,-3,-8,35,5,1
45,37,-8,-8,23,2,1
48,26,-4,-8,64,6,1
42,27,-4,-8,39,5,1
48,27,-4,-8,62,6,1
41,21,-4,-8,46,6,1
58,30,-3,-8,116,9,1
47,15,-3,-8,100,12,1
49,15,-3,-8,127,13,1
24,13,-6,-8,15,3,1
43,0,-5,-8,56,9,1
64,0,-5,-8,134,14,1
59,10,-5,-8,110,11,1
40,9,-4,-8,62,8,1
40,27,-4,-8,37,4,1
24,5,-4,-8,20,6,1
35,16,-4,-8,42,6,1
65,5,-4,-8,183,17,1
44,1,-4,-8,69,13,1
30,6,-3,-8,37,8,1
32,0,-3,-8,67,13,1
52,0,-4,-8,112,14,1
22,0,-4,-8,12,6,1
33,25,-8,-8,16,2,1
42,12,-5,-8,52,7,1
60,0,-5,-8,101,13,1
53,0,-5,-8,71,12,1
27,0,-5,-8,34,7,1
33,20,-5,-8,31,4,1
18,9,-5,-8,12,3,1
46,1,-4,-8,81,11,1
57,0,-4,-8,135,15,1
23,11,-4,-8,16,4,1
32,0,-4,-8,35,10,1
48,14,-3,-8,113,12,1
27,6,-7,-8,19,4,1
9,0,-5,-8,3,3,1
88,80,-8,-8,47,2,1
66,58,-8,-8,34,2,1
16,2,-7,-8,7,3,1
40,20,-7,-8,32,4,1
23,0,-6,-8,16,5,1
60,0,-5,-8,106,12,1
16,0,-5,-8,7,4,1
31,9,-5,-8,28,5,1
54,7,-5,-8,76,10,1
23,2,-5,-8,18,5,1
28,13,-5,-8,21,4,1
37,23,-5,-8,32,4,1
62,0,-5,-8,134,14,1
23,0,-5,-8,17,6,1
23,0,-5,-8,20,6,1
51,24,-5,-8,72,7,1
52,0,-4,-8,102,13,1
30,0,-4,-8,35,8,1
59,0,-4,-8,131,15,1
23,10,-4,-8,20,4,1
20,7,-4,-8,15,4,1
41,0,-4,-8,74,11,1
40,8,-4,-8,63,9,1
50,0,-4,-8,93,14,1
58,0,-4,-8,144,16,1
46,0,-4,-8,73,13,1
37,7,-4,-8,55,9,1
37,0,-4,-8,51,11,1
44,30,-4,-8,48,5,1
26,8,-4,-8,28,6,1
11,0,-4,-8,6,4,1
64,2,-3,-8,197,19,1
81,23,-3,-8,274,18,1
14,0,-3,-8,11,5,1
25,12,-3,-8,28,5,1
42,10,-3,-8,92,11,1
43,31,-3,-8,50,5,1
38,0,-3,-8,74,14,1
41,9,-2,-8,151,19,1
24,0,-4,-8,25,7,1
17,5,-3,-8,20,6,1
14,0,-3,-8,14,6,1
50,2,-5,-8,72,10,1
24,5,-5,-8,22,5,1
9,0,-5,-8,5,3,1
10,0,-3,-8,7,4,1
8,0,-8,-8,2,2,1
13,0,-6,-8,6,3,1
10,0,-5,-8,5,3,1
23,0,-5,-8,14,6,1
16,7,-4,-8,11,3,1
14,0,-4,-8,13,5,1
17,0,-3,-8,18,6,1
31,11,-3,-8,38,7,1
12,0,-3,-8,11,5,1
12,0,-3,-8,11,5,1
48,0,-3,-8,154,19,1
53,18,-4,-8,88,10,1
68,53,-4,-8,87,5,1
35,22,-5,-8,29,4,1
52,41,-4,-8,52,4,1
69,61,-8,-8,36,2,1
51,11,-5,-8,89,10,1
29,10,-3,-7,35,7,1
41,0,-5,-7,55,9,1
40,30,-5,-7,28,3,1
50,0,-5,-7,84,12,1
71,62,-5,-7,55,3,1
42,0,-4,-7,65,11,1
53,0,-4,-7,97,14,1
75,50,-4,-7,127,7,1
45,25,-4,-7,59,6,1
49,0,-3,-7,102,15,1
17,0,-3,-7,64,6,1
72,59,-3,-7,94,5,1
67,55,-3,-7,87,5,1
28,21,-7,-7,13,2,1
50,43,-7,-7,26,2,1
23,14,-5,-7,15,3,1
43,16,-4,-7,59,7,1
60,52,-4,-7,48,3,1
28,0,-3,-7,44,9,1
53,0,-3,-7,142,18,1
71,50,-3,-7,155,9,1
51,0,-4,-7,86,13,1
43,11,-4,-7,69,9,1
62,0,-4,-7,178,18,1
46,0,-4,-7,100,14,1
52,43,-3,-7,53,4,1
70,24,-5,-7,136,10,1
41,32,-5,-7,31,3,1
40,25,-5,-7,37,4,1
29,10,-5,-7,26,5,1
29,2,-4,-7,36,7,1
48,1,-4,-7,89,12,1
56,1,-4,-7,125,14,1
42,0,-3,-7,83,14,1
47,9,-3,-7,101,13,1
32,16,-3,-7,43,6,1
34,20,-3,-7,48,6,1
35,15,-3,-7,53,8,1
55,41,-3,-7,83,6,1
23,3,-5,-7,18,5,1
69,6,-4,-7,218,20,1
34,5,-4,-7,52,9,1
10,0,-5,-7,3,3,1
46,3,-5,-7,74,10,1
21,3,-4,-7,19,5,1
14,3,-3,-7,14,5,1
13,2,-3,-7,11,5,1
37,0,-3,-7,67,13,1
7,0,-7,-7,2,2,1
59,51,-7,-7,31,2,1
12,5,-7,-7,5,2,1
27,10,-6,-7,20,4,1
16,0,-5,-7,10,4,1
47,32,-5,-7,42,4,1
50,6,-5,-7,79,10,1
21,2,-5,-7,13,5,1
31,3,-5,-7,29,7,1
64,0,-5,-7,148,15,1
32,18,-5,-7,26,4,1
23,0,-5,-7,18,6,1
9,0,-5,-7,5,3,1
58,0,-4,-7,70,14,1
26,0,-4,-7,25,7,1
30,0,-4,-7,34,8,1
50,0,-4,-7,100,13,1
41,0,-4,-7,62,11,1
8,0,-4,-7,4,3,1
32,5,-4,-7,44,8,1
44,1,-4,-7,81,12,1
53,41,-4,-7,53,4,1
32,17,-4,-7,33,5,1
52,37,-4,-7,64,5,1
46,0,-4,-7,83,13,1
36,0,-4,-7,54,11,1
53,14,-4,-7,104,12,1
39,24,-4,-7,47,5,1
38,3,-4,-7,68,11,1
70,53,-3,-7,100,6,1
65,34,-3,-7,140,10,1
27,0,-3,-7,32,9,1
14,0,-3,-7,12,5,1
28,8,-3,-7,39,7,1
10,0,-3,-7,7,4,1
34,24,-3,-7,34,4,1
42,0,-3,-7,94,14,1
24,3,-3,-7,26,8,1
9,0,-3,-7,7,4,1
19,2,-3,-7,15,7,1
68,38,-3,-7,187,12,1
33,22,-2,-7,43,6,1
11,0,-2,-7,89,4,1
15,5,-3,-7,13,4,1
20,0,-5,-7,12,5,1
26,5,-4,-7,33,7,1
22,0,-4,-7,23,7,1
13,0,-3,-7,11,5,1
15,0,-5,-7,9,4,1
15,1,-5,-7,9,4,1
14,0,-4,-7,10,5,1
29,0,-3,-7,48,11,1
11,0,-5,-7,4,3,1
32,16,-5,-7,28,4,1
29,11,-5,-7,26,5,1
35,5,-4,-7,42,8,1
29,3,-4,-7,28,7,1
18,2,-4,-7,13,5,1
22,14,-4,-7,15,3,1
51,12,-4,-7,98,11,1
27,0,-4,-7,28,8,1
47,0,-3,-7,110,15,1
53,1,-3,-7,141,17,1
32,15,-3,-7,42,6,1
24,14,-5,-7,15,3,1
44,0,-4,-7,89,13,1
38,0,-3,-7,64,12,1
45,14,-3,-7,106,12,1
23,2,-3,-7,24,9,1
28,5,-4,-7,29,7,1
40,21,-4,-7,48,6,1
53,12,-3,-7,170,17,1
22,14,-7,-7,10,2,1
35,23,-6,-7,25,3,1
26,12,-5,-7,20,4,1
52,28,-3,-7,90,8,1
63,35,-3,-7,150,11,1
50,23,-2,-7,143,13,1
61,46,-4,-7,71,5,1
67,45,-2,-7,164,10,1
51,27,-5,-7,66,6,1
59,25,-3,-7,124,11,1
43,20,-5,-7,52,6,1
81,35,-2,-6,364,26,1
46,0,-4,-6,90,13,1
69,39,-4,-6,142,9,1
63,57,-6,-6,33,2,1
63,57,-6,-6,33,3,1
67,44,-5,-6,92,6,1
52,38,-4,-6,62,5,1
29,11,-5,-6,29,5,1
81,56,-3,-6,194,10,1
47,28,-3,-6,89,8,1
39,14,-2,-6,75,11,1
30,5,-2,-6,56,13,1
58,3,-4,-6,115,14,1
55,21,-3,-6,138,12,1
41,23,-3,-6,62,7,1
38,30,-3,-6,39,4,1
42,30,-3,-6,62,6,1
31,13,-6,-6,24,4,1
24,0,-5,-6,19,6,1
36,23,-5,-6,31,4,1
39,0,-4,-6,58,10,1
40,11,-4,-6,59,8,1
50,4,-4,-6,92,13,1
31,0,-4,-6,42,9,1
59,21,-4,-6,130,11,1
18,0,-4,-6,16,6,1
22,0,-4,-6,18,7,1
29,12,-3,-6,33,6,1
30,16,-3,-6,34,5,1
39,30,-3,-6,39,4,1
41,14,-3,-6,78,10,1
29,5,-3,-6,43,9,1
42,0,-3,-6,82,16,1
32,13,-3,-6,51,8,1
33,20,-3,-6,43,6,1
41,12,-3,-6,96,12,1
17,7,-2,-6,17,5,1
23,0,-6,-6,16,5,1
49,0,-4,-6,85,13,1
14,5,-3,-6,10,4,1
12,3,-2,-6,12,5,1
17,8,-5,-6,11,3,1
43,0,-4,-6,74,12,1
14,6,-4,-6,7,3,1
50,0,-3,-6,121,16,1
12,5,-6,-6,5,2,1
25,19,-6,-6,12,2,1
40,33,-6,-6,20,2,1
49,38,-5,-6,36,3,1
20,0,-5,-6,5,5,1
33,24,-5,-6,24,3,1
44,35,-5,-6,33,3,1
35,14,-4,-6,38,6,1
39,0,-4,-6,46,10,1
20,3,-4,-6,16,5,1
77,65,-4,-6,78,4,1
53,0,-4,-6,94,14,1
32,0,-4,-6,41,9,1
54,46,-4,-6,41,3,1
49,41,-4,-6,37,3,1
41,29,-4,-6,38,4,1
48,32,-4,-6,55,5,1
59,37,-4,-6,96,7,1
47,21,-4,-6,78,8,1
33,0,-4,-6,45,10,1
41,4,-4,-6,60,11,1
43,6,-4,-6,81,11,1
67,12,-4,-6,183,16,1
20,13,-4,-6,13,3,1
44,26,-4,-6,55,6,1
23,2,-4,-6,21,7,1
41,34,-4,-6,32,3,1
44,0,-3,-6,78,14,1
54,44,-3,-6,55,4,1
27,17,-3,-6,25,4,1
23,13,-3,-6,19,4,1
46,0,-3,-6,111,15,1
32,0,-3,-6,53,11,1
34,0,-3,-6,56,12,1
37,22,-3,-6,52,6,1
31,0,-3,-6,44,11,1
48,22,-3,-6,98,10,1
42,25,-3,-6,66,7,1
56,11,-3,-6,158,17,1
24,8,-3,-6,34,7,1
45,18,-3,-6,103,11,1
51,28,-3,-6,116,10,1
15,5,-2,-6,15,5,1
27,0,-3,-6,47,11,1
13,0,-4,-6,6,4,1
6,0,-6,-6,2,2,1
55,0,-4,-6,126,15,1
11,0,-4,-6,7,4,1
17,0,-3,-6,20,7,1
8,0,-3,-6,6,4,1
12,3,-2,-6,11,5,1
6,0,-6,-6,2,2,1
9,0,-5,-6,4,3,1
18,0,-5,-6,14,5,1
7,0,-4,-6,4,3,1
8,0,-3,-6,6,4,1
10,0,-2,-6,8,5,1
15,6,-4,-6,9,3,1
23,0,-4,-6,22,7,1
14,4,-3,-6,10,4,1
33,0,-2,-6,76,15,1
27,6,-3,-6,35,7,1
15,9,-6,-6,7,2,1
20,14,-6,-6,9,2,1
36,18,-5,-6,39,5,1
56,40,-4,-6,66,5,1
22,14,-4,-6,15,3,1
50,21,-4,-6,95,9,1
59,0,-4,-6,139,17,1
36,0,-4,-6,57,11,1
31,23,-4,-6,23,3,1
43,23,-3,-6,63,7,1
20,6,-3,-6,15,5,1
40,0,-3,-6,63,13,1
32,0,-3,-6,55,11,1
73,45,-3,-6,163,10,1
23,9,-3,-6,31,6,1
40,5,-3,-6,84,13,1
59,33,-3,-6,130,10,1
41,8,-3,-6,83,13,1
59,28,-2,-6,170,14,1
50,42,-4,-6,39,3,1
41,0,-4,-6,61,12,1
35,28,-4,-6,25,3,1
30,0,-3,-6,48,11,1
37,16,-3,-6,64,8,1
61,55,-6,-6,32,2,1
30,23,-6,-6,15,2,1
23,5,-5,-6,20,5,1
55,39,-4,-6,64,5,1
21,9,-4,-6,18,4,1
22,7,-4,-6,21,5,1
35,0,-4,-6,50,11,1
33,20,-3,-6,35,5,1
22,12,-3,-6,17,4,1
52,10,-3,-6,112,14,1
20,4,-3,-6,20,6,1
21,5,-3,-6,25,6,1
50,0,-3,-6,123,17,1
15,0,-3,-6,13,6,1
42,18,-3,-6,77,9,1
36,0,-3,-6,83,14,1
16,5,-3,-6,13,5,1
13,5,-3,-6,11,4,1
59,25,-2,-6,188,15,1
23,4,-2,-6,30,9,1
41,12,-5,-6,50,7,1
53,44,-5,-6,41,3,1
68,53,-4,-6,85,5,1
32,11,-4,-6,41,7,1
59,23,-3,-6,132,12,1
36,16,-3,-6,50,7,1
37,18,-3,-6,56,7,1
34,6,-3,-6,54,10,1
58,49,-3,-6,60,4,1
32,12,-3,-6,56,9,1
74,59,-2,-6,124,7,1
67,61,-5,-5,35,2,1
49,35,-3,-5,56,5,1
50,43,-3,-5,39,3,1
55,23,-3,-5,124,12,1
68,51,-2,-5,135,8,1
50,43,-2,-5,53,4,1
50,4,-2,-5,141,22,1
59,43,-2,-5,118,8,1
55,39,-2,-5,116,9,1
38,32,-5,-5,19,2,1
36,31,-5,-5,18,2,1
56,0,-4,-5,129,16,1
27,20,-4,-5,19,3,1
50,0,-4,-5,105,15,1
43,26,-3,-5,58,6,1
41,15,-3,-5,67,9,1
31,18,-3,-5,33,5,1
36,14,-3,-5,60,8,1
38,29,-3,-5,36,4,1
43,32,-3,-5,52,5,1
44,10,-3,-5,91,13,1
40,20,-3,-5,68,8,1
52,14,-3,-5,152,15,1
37,22,-3,-5,55,7,1
38,22,-2,-5,69,8,1
57,49,-2,-5,72,5,1
56,50,-5,-5,29,2,1
40,32,-4,-5,30,3,1
37,2,-3,-5,58,12,1
41,3,-3,-5,77,13,1
63,43,-3,-5,116,8,1
50,32,-3,-5,90,8,1
70,58,-3,-5,108,6,1
30,7,-2,-5,55,10,1
66,26,-2,-5,237,18,1
41,26,-2,-5,75,8,1
53,48,-5,-5,28,2,1
69,41,-3,-5,140,9,1
53,41,-3,-5,77,6,1
65,40,-2,-5,175,12,1
14,8,-5,-5,6,2,1
19,8,-5,-5,11,3,1
23,9,-4,-5,24,5,1
25,5,-3,-5,32,7,1
48,22,-3,-5,88,9,1
42,30,-3,-5,51,5,1
23,4,-3,-5,28,8,1
29,6,-2,-5,56,11,1
18,7,-3,-5,17,5,1
16,8,-3,-5,14,4,1
30,1,-4,-5,41,9,1
20,0,-3,-5,17,7,1
12,6,-5,-5,5,2,1
12,3,-5,-5,6,3,1
17,5,-3,-5,12,5,1
12,1,-3,-5,7,5,1
14,0,-3,-5,11,6,1
20,3,-2,-5,26,8,1
16,6,-5,-5,9,3,1
10,0,-2,-5,7,5,1
11,2,-2,-5,10,5,1
73,68,-5,-5,39,2,1
50,44,-5,-5,26,2,1
23,17,-5,-5,11,2,1
45,40,-5,-5,24,2,1
38,18,-5,-5,39,5,1
66,57,-5,-5,51,3,1
17,8,-5,-5,10,3,1
28,19,-5,-5,19,3,1
19,3,-4,-5,14,5,1
22,10,-4,-5,17,4,1
29,2,-4,-5,39,8,1
34,0,-4,-5,31,10,1
45,0,-4,-5,85,13,1
23,0,-4,-5,20,7,1
43,6,-4,-5,75,11,1
23,8,-4,-5,21,5,1
39,24,-4,-5,44,5,1
14,0,-4,-5,8,5,1
7,0,-4,-5,3,3,1
34,23,-4,-5,31,4,1
25,0,-4,-5,28,8,1
37,15,-4,-5,52,7,1
28,0,-3,-5,37,9,1
29,12,-3,-5,32,6,1
35,22,-3,-5,40,5,1
17,4,-3,-5,16,5,1
24,14,-3,-5,22,4,1
22,2,-3,-5,24,7,1
46,0,-3,-5,95,15,1
29,13,-3,-5,35,6,1
34,12,-3,-5,51,8,1
33,21,-3,-5,36,5,1
36,23,-3,-5,44,5,1
19,0,-3,-5,18,7,1
13,0,-3,-5,8,5,1
26,14,-3,-5,27,5,1
22,9,-3,-5,22,5,1
35,7,-3,-5,61,10,1
63,48,-3,-5,93,6,1
58,1,-3,-5,181,20,1
25,16,-3,-5,23,4,1
23,14,-3,-5,21,4,1
53,41,-3,-5,66,5,1
49,20,-3,-5,112,11,1
32,1,-3,-5,56,12,1
36,16,-3,-5,62,8,1
33,0,-3,-5,62,13,1
39,25,-3,-5,53,6,1
17,9,-3,-5,16,4,1
73,62,-3,-5,92,5,1
41,31,-3,-5,49,5,1
22,0,-3,-5,27,9,1
33,0,-3,-5,71,14,1
24,12,-3,-5,31,6,1
28,18,-2,-5,32,5,1
68,49,-2,-5,154,9,1
25,15,-2,-5,27,5,1
32,0,-2,-5,52,14,1
76,68,-2,-5,79,4,1
55,33,-2,-5,127,10,1
23,12,-2,-5,29,6,1
12,0,-2,-5,10,6,1
42,26,-2,-5,77,8,1
9,0,-2,-5,8,5,1
50,41,-2,-5,61,5,1
9,0,-2,-5,5,5,1
52,37,-2,-5,99,8,1
50,31,-2,-5,115,10,1
32,0,-2,-5,65,16,1
26,7,-2,-5,48,10,1
12,0,-2,-5,13,7,1
27,12,-2,-5,50,9,1
23,14,-2,-5,29,6,1
34,5,-2,-5,104,21,1
7,2,-5,-5,2,2,1
20,0,-3,-5,22,7,1
27,5,-3,-5,37,8,1
22,0,-3,-5,23,8,1
14,5,-2,-5,16,5,1
19,14,-5,-5,9,2,1
30,24,-5,-5,15,2,1
38,0,-4,-5,65,11,1
30,23,-4,-5,21,3,1
55,0,-3,-5,142,17,1
32,19,-3,-5,35,5,1
37,2,-3,-5,56,12,1
25,17,-3,-5,23,4,1
31,11,-2,-5,57,10,1
15,7,-2,-5,15,5,1
10,0,-5,-5,4,3,1
16,0,-3,-5,17,7,1
13,0,-3,-5,11,6,1
31,19,-2,-5,38,6,1
35,23,-2,-5,53,7,1
5,0,-5,-5,1,2,1
21,0,-3,-5,23,7,1
17,0,-3,-5,17,6,1
10,0,-3,-5,6,4,1
6,0,-3,-5,3,3,1
8,0,-3,-5,6,4,1
14,5,-5,-5,8,3,1
11,4,-4,-5,5,3,1
32,3,-3,-5,53,10,1
16,5,-3,-5,16,5,1
20,0,-3,-5,21,7,1
15,10,-5,-5,7,2,1
30,14,-4,-5,29,5,1
19,8,-4,-5,14,4,1
31,10,-3,-5,36,7,1
20,3,-3,-5,16,6,1
34,21,-3,-5,39,5,1
15,0,-3,-5,15,6,1
24,4,-3,-5,31,9,1
14,6,-2,-5,11,4,1
14,7,-2,-5,13,4,1
27,15,-2,-5,36,6,1
32,0,-2,-5,64,16,1
59,54,-5,-5,31,2,1
41,23,-4,-5,51,6,1
64,53,-4,-5,64,4,1
48,29,-3,-5,87,8,1
36,18,-2,-5,65,9,1
61,39,-2,-5,173,13,1
71,45,-3,-5,178,11,1
54,41,-3,-5,80,6,1
51,33,-2,-5,106,9,1
40,30,-2,-5,57,6,1
62,56,-3,-5,50,3,1
45,23,-3,-5,88,9,1
37,27,-2,-5,44,5,1
37,29,-2,-5,46,5,1
20,15,-5,-5,10,2,1
17,0,-4,-5,12,5,1
28,15,-4,-5,24,4,1
34,23,-4,-5,31,4,1
26,6,-3,-5,34,7,1
21,4,-3,-5,24,7,1
23,15,-3,-5,22,4,1
20,6,-3,-5,23,6,1
22,0,-3,-5,34,9,1
24,7,-2,-5,38,8,1
62,21,-2,-5,214,19,1
17,8,-2,-5,16,5,1
23,14,-2,-5,26,5,1
20,9,-2,-5,24,6,1
18,12,-2,-5,16,4,1
14,4,-4,-5,9,4,1
27,4,-3,-5,42,9,1
10,0,-2,-5,6,5,1
13,5,-2,-5,11,4,1
19,0,-2,-5,26,10,1
12,3,-5,-5,6,3,1
9,0,-3,-5,5,4,1
8,0,-3,-5,5,4,1
14,8,-3,-5,9,3,1
14,7,-2,-5,11,4,1
14,5,-2,-5,13,5,1
25,1,-3,-5,40,10,1
51,47,-5,-5,27,2,1
36,32,-5,-5,19,2,1
63,59,-5,-5,34,2,1
15,11,-5,-5,7,2,1
26,22,-5,-5,13,2,1
45,41,-5,-5,24,2,1
23,19,-5,-5,12,2,1
39,34,-5,-5,20,2,1
29,24,-5,-5,15,2,1
62,58,-5,-5,33,2,1
55,50,-5,-5,29,2,1
25,21,-5,-5,13,2,1
42,38,-5,-5,22,2,1
57,52,-5,-5,30,2,1
18,14,-5,-5,9,2,1
14,10,-5,-5,7,2,1
12,7,-5,-5,5,2,1
9,5,-5,-5,4,2,1
77,73,-5,-5,42,2,1
14,9,-5,-5,6,2,1
78,70,-4,-5,62,3,1
41,29,-4,-5,38,4,1
49,41,-4,-5,37,3,1
18,11,-4,-5,12,3,1
47,40,-4,-5,36,3,1
7,0,-4,-5,3,3,1
79,55,-3,-5,150,8,1
23,9,-3,-5,21,5,1
42,32,-3,-5,42,4,1
54,38,-3,-5,76,6,1
37,21,-3,-5,47,6,1
14,8,-3,-5,10,3,1
12,5,-3,-5,7,3,1
32,0,-3,-5,49,11,1
6,0,-3,-5,3,3,1
21,2,-3,-5,20,7,1
51,45,-3,-5,40,3,1
57,50,-3,-5,45,3,1
41,35,-3,-5,31,3,1
44,38,-3,-5,34,3,1
59,3,-3,-5,176,20,1
23,8,-3,-5,25,6,1
44,29,-3,-5,58,6,1
24,0,-3,-5,30,9,1
57,32,-3,-5,110,9,1
19,10,-3,-5,15,4,1
9,0,-3,-5,4,4,1
23,14,-3,-5,19,4,1
30,0,-3,-5,48,11,1
30,9,-3,-5,45,8,1
57,36,-3,-5,107,8,1
38,5,-3,-5,74,12,1
18,6,-3,-5,15,5,1
12,0,-3,-5,9,5,1
19,7,-3,-5,17,5,1
26,14,-3,-5,28,5,1
43,32,-3,-5,51,5,1
56,27,-3,-5,129,11,1
37,23,-3,-5,49,6,1
14,0,-3,-5,9,6,1
40,23,-3,-5,58,7,1
20,0,-3,-5,21,8,1
40,17,-3,-5,69,9,1
39,31,-3,-5,38,4,1
14,8,-3,-5,9,3,1
68,55,-3,-5,103,6,1
41,22,-3,-5,69,8,1
14,6,-3,-5,12,4,1
34,23,-3,-5,40,5,1
21,10,-3,-5,21,5,1
35,30,-3,-5,27,3,1
15,10,-3,-5,11,3,1
45,29,-3,-5,41,7,1
32,22,-3,-5,37,5,1
34,29,-3,-5,27,3,1
36,23,-3,-5,49,6,1
10,5,-3,-5,7,3,1
50,44,-3,-5,39,3,1
43,22,-3,-5,81,9,1
21,13,-3,-5,18,4,1
5,0,-3,-5,3,3,1
8,0,-3,-5,5,4,1
64,59,-3,-5,50,3,1
50,45,-3,-5,39,3,1
65,41,-3,-5,149,10,1
20,2,-3,-5,23,8,1
24,9,-3,-5,30,7,1
50,34,-3,-5,82,7,1
69,54,-3,-5,122,7,1
37,24,-3,-5,52,6,1
31,18,-3,-5,40,6,1
47,37,-2,-5,57,5,1
79,59,-2,-5,173,9,1
36,16,-2,-5,67,9,1
11,1,-2,-5,8,5,1
23,14,-2,-5,27,5,1
34,24,-2,-5,39,5,1
11,1,-2,-5,8,5,1
59,50,-2,-5,75,5,1
41,32,-2,-5,49,5,1
59,41,-2,-5,114,8,1
33,16,-2,-5,55,8,1
40,32,-2,-5,41,4,1
41,26,-2,-5,62,7,1
23,8,-2,-5,32,7,1
22,7,-2,-5,28,7,1
23,9,-2,-5,33,7,1
14,0,-2,-5,11,7,1
40,25,-2,-5,61,7,1
22,0,-2,-5,28,10,1
59,45,-2,-5,101,7,1
41,27,-2,-5,66,7,1
64,50,-2,-5,109,7,1
26,19,-2,-5,25,4,1
43,36,-2,-5,44,4,1
43,24,-2,-5,86,9,1
58,27,-2,-5,167,14,1
39,27,-2,-5,55,6,1
33,17,-2,-5,56,8,1
24,4,-2,-5,34,10,1
37,7,-2,-5,78,14,1
41,32,-2,-5,50,5,1
14,5,-2,-5,13,5,1
14,0,-2,-5,14,7,1
46,19,-2,-5,109,13,1
18,3,-2,-5,21,8,1
15,0,-2,-5,15,8,1
59,48,-2,-5,89,6,1
58,47,-2,-5,89,6,1
56,45,-2,-5,85,6,1
11,0,-2,-5,10,6,1
75,64,-2,-5,115,6,1
31,20,-2,-5,40,6,1
31,20,-2,-5,44,6,1
30,13,-2,-5,51,9,1
54,24,-2,-5,172,15,1
42,30,-2,-5,70,7,1
72,47,-2,-5,215,13,1
20,7,-2,-5,28,7,1
24,18,-2,-5,23,4,1
6,0,-2,-5,4,4,1
6,0,-2,-5,4,4,1
53,47,-2,-5,56,4,1
34,20,-2,-5,59,8,1
24,10,-2,-5,35,8,1
52,23,-2,-5,157,15,1
39,2,-2,-5,90,19,1
23,6,-2,-5,40,9,1
32,23,-2,-5,38,5,1
16,8,-2,-5,18,5,1
8,0,-2,-5,7,5,1
8,0,-2,-5,7,5,1
26,18,-2,-5,31,5,1
17,7,-2,-5,23,6,1
51,40,-2,-5,89,7,1
20,8,-2,-5,27,7,1
17,4,-2,-5,18,8,1
27,14,-2,-5,45,8,1
33,5,-2,-5,85,16,1
30,11,-2,-5,55,11,1
53,31,-2,-5,154,13,1
56,41,-2,-5,124,9,1
74,58,-2,-5,180,10,1
18,7,-2,-5,25,7,1
61,45,-2,-5,144,10,1
57,41,-2,-5,131,10,1
67,50,-2,-5,182,11,1
59,46,-2,-5,127,9,1
54,41,-2,-5,120,9,1
60,46,-2,-5,143,10,1
8,0,-3,-4,4,4,1
8,0,-2,-4,6,5,1
7,2,-3,-4,4,3,1
9,0,-2,-4,7,6,1
9,0,-2,-4,9,6,1
8,0,-2,-4,6,5,1
23,0,-2,-4,50,14,1
19,3,-2,-4,31,10,1
10,3,-2,-4,9,5,1
23,5,-2,-4,32,8,1
12,5,-2,-4,9,4,1
12,0,-2,-4,10,6,1
12,0,-2,-4,9,6,1
16,5,-2,-4,15,6,1
14,4,-2,-4,17,7,1
16,12,-4,-4,8,2,1
21,8,-3,-4,23,6,1
8,4,-4,-4,3,2,1
9,0,-3,-4,6,4,1
9,1,-3,-4,6,4,1
11,0,-3,-4,6,5,1
14,4,-2,-4,13,5,1
22,17,-4,-4,11,2,1
32,28,-4,-4,17,2,1
25,14,-3,-4,28,5,1
29,5,-3,-4,49,10,1
27,17,-2,-4,32,5,1
35,0,-3,-4,74,15,1
36,16,-2,-4,69,9,1
47,38,-3,-4,46,4,1
65,60,-4,-4,35,2,1
67,60,-3,-4,53,3,1
15,1,-2,-4,7,5,1
98,82,-2,-4,251,10,1
72,65,-2,-4,76,4,1
77,68,-2,-4,101,5,1
51,48,-4,-4,27,2,1
59,47,-2,-4,86,6,1
57,45,-2,-4,84,6,1
68,50,-2,-4,149,9,1
60,56,-2,-4,48,3,1
61,57,-2,-4,49,3,1
53,41,-2,-4,90,7,1
56,49,-2,-4,71,5,1
54,44,-1,-4,109,8,1
41,37,-4,-4,21,2,1
47,43,-4,-4,25,2,1
63,59,-4,-4,34,2,1
60,57,-4,-4,32,2,1
45,31,-3,-4,63,6,1
68,28,-3,-4,267,26,1
50,39,-3,-4,60,5,1
52,44,-3,-4,53,4,1
50,27,-3,-4,111,10,1
40,25,-2,-4,63,7,1
55,39,-2,-4,102,8,1
68,59,-2,-4,89,5,1
66,46,-2,-4,173,11,1
50,43,-2,-4,65,5,1
59,50,-2,-4,89,6,1
34,31,-4,-4,18,2,1
68,64,-4,-4,36,2,1
36,31,-3,-4,28,3,1
45,35,-2,-4,56,5,1
53,41,-2,-4,80,6,1
53,30,-2,-4,113,11,1
64,59,-2,-4,52,3,1
50,32,-2,-4,104,9,1
36,32,-2,-4,28,3,1
45,30,-2,-4,82,8,1
54,39,-2,-4,103,8,1
34,26,-2,-4,40,5,1
64,38,-2,-4,201,14,1
42,32,-2,-4,63,6,1
56,45,-2,-4,96,7,1
56,49,-2,-4,72,5,1
52,41,-2,-4,92,7,1
41,32,-2,-4,62,6,1
19,15,-4,-4,9,2,1
20,16,-4,-4,10,2,1
29,25,-4,-4,15,2,1
33,30,-4,-4,17,2,1
24,21,-4,-4,12,2,1
27,21,-3,-4,20,3,1
29,23,-3,-4,21,3,1
32,18,-3,-4,40,6,1
19,11,-3,-4,16,4,1
19,14,-3,-4,13,3,1
23,14,-3,-4,20,4,1
31,25,-3,-4,23,3,1
34,24,-2,-4,41,5,1
28,18,-2,-4,31,5,1
25,18,-2,-4,24,4,1
23,11,-2,-4,30,6,1
14,10,-2,-4,10,3,1
25,21,-2,-4,19,3,1
41,21,-2,-4,82,10,1
12,5,-2,-4,9,4,1
21,14,-2,-4,20,4,1
24,16,-2,-4,29,5,1
36,28,-2,-4,45,5,1
16,0,-2,-4,19,9,1
16,1,-2,-4,7,6,1
23,12,-2,-4,35,7,1
21,15,-2,-4,20,4,1
42,23,-2,-4,110,12,1
31,25,-2,-4,32,4,1
23,2,-2,-4,46,13,1
21,14,-2,-4,25,5,1
30,19,-2,-4,52,8,1
14,5,-3,-4,11,4,1
9,0,-2,-4,5,5,1
31,26,-2,-4,24,3,1
29,19,-2,-4,41,6,1
18,0,-2,-4,25,11,1
13,7,-2,-4,11,4,1
9,5,-4,-4,4,2,1
12,5,-3,-4,7,3,1
20,9,-2,-4,24,6,1
12,5,-2,-4,11,5,1
23,20,-4,-4,12,2,1
18,11,-4,-4,12,3,1
29,25,-4,-4,15,2,1
27,23,-4,-4,14,2,1
23,14,-3,-4,20,4,1
27,21,-3,-4,20,3,1
32,25,-3,-4,24,3,1
33,25,-3,-4,33,4,1
23,17,-3,-4,16,3,1
20,12,-3,-4,18,4,1
30,20,-2,-4,35,5,1
32,15,-2,-4,53,8,1
21,12,-2,-4,22,5,1
27,16,-2,-4,36,6,1
30,15,-2,-4,50,8,1
17,1,-2,-4,20,9,1
22,10,-2,-4,30,7,1
31,20,-2,-4,48,7,1
24,17,-2,-4,28,5,1
30,23,-2,-4,36,5,1
15,6,-3,-4,12,4,1
12,4,-2,-4,10,5,1
18,5,-2,-4,27,8,1
5,0,-2,-4,1,3,1
5,0,-2,-4,3,4,1
70,67,-4,-4,38,2,1
52,49,-4,-4,28,2,1
23,15,-4,-4,16,3,1
25,22,-4,-4,13,2,1
29,25,-4,-4,15,2,1
27,20,-4,-4,20,3,1
39,35,-4,-4,21,2,1
16,13,-4,-4,8,2,1
27,23,-4,-4,14,2,1
14,10,-4,-4,7,2,1
32,28,-4,-4,17,2,1
76,72,-4,-4,41,2,1
86,82,-4,-4,47,2,1
71,68,-4,-4,39,2,1
27,21,-3,-4,20,3,1
18,12,-3,-4,12,3,1
20,14,-3,-4,14,3,1
46,31,-3,-4,63,6,1
15,0,-3,-4,14,6,1
28,19,-3,-4,26,4,1
32,26,-3,-4,24,3,1
35,30,-3,-4,27,3,1
35,30,-3,-4,27,3,1
41,25,-3,-4,66,7,1
32,27,-3,-4,25,3,1
20,14,-3,-4,15,3,1
49,41,-3,-4,50,4,1
9,1,-3,-4,6,4,1
16,0,-3,-4,15,7,1
46,41,-3,-4,36,3,1
48,0,-3,-4,140,19,1
24,12,-3,-4,30,6,1
42,32,-2,-4,51,5,1
28,18,-2,-4,33,5,1
16,6,-2,-4,16,5,1
44,37,-2,-4,45,4,1
39,32,-2,-4,40,4,1
44,32,-2,-4,63,6,1
42,31,-2,-4,62,6,1
75,63,-2,-4,116,6,1
48,27,-2,-4,100,10,1
27,23,-2,-4,21,3,1
16,12,-2,-4,12,3,1
18,14,-2,-4,13,3,1
72,68,-2,-4,58,3,1
40,35,-2,-4,31,3,1
19,10,-2,-4,20,5,1
62,58,-2,-4,50,3,1
77,72,-2,-4,62,3,1
18,9,-2,-4,18,5,1
13,4,-2,-4,12,5,1
16,12,-2,-4,11,3,1
32,23,-2,-4,40,5,1
32,28,-2,-4,25,3,1
71,60,-2,-4,109,6,1
21,10,-2,-4,25,6,1
47,23,-2,-4,115,12,1
17,11,-2,-4,15,4,1
67,48,-2,-4,162,10,1
36,30,-2,-4,36,4,1
14,7,-2,-4,11,4,1
68,62,-2,-4,73,4,1
29,10,-2,-4,55,10,1
21,8,-2,-4,28,7,1
56,50,-2,-4,59,4,1
6,0,-2,-4,4,4,1
59,53,-2,-4,62,4,1
59,44,-2,-4,113,8,1
14,4,-2,-4,15,6,1
42,21,-2,-4,103,12,1
20,8,-2,-4,29,7,1
24,7,-2,-4,45,10,1
18,13,-2,-4,17,4,1
23,11,-2,-4,35,8,1
14,7,-2,-4,16,5,1
18,0,-2,-4,28,11,1
6,1,-2,-4,5,4,1
8,1,-2,-4,7,5,1
37,34,-2,-4,30,3,1
70,60,-2,-4,129,7,1
10,0,-2,-4,11,7,1
14,0,-2,-4,22,10,1
28,14,-2,-4,60,10,1
14,8,-2,-4,15,5,1
10,4,-2,-4,10,5,1
26,20,-2,-4,33,5,1
65,48,-2,-4,189,12,1
71,55,-1,-4,208,12,1
7,0,-1,-4,7,6,1
21,14,-1,-4,29,6,1
78,68,-1,-4,184,9,1
4,0,-4,-4,1,2,1
6,3,-4,-4,2,2,1
5,0,-3,-4,2,3,1
18,0,-3,-4,23,8,1
7,0,-2,-4,4,4,1
13,0,-2,-4,16,8,1
7,0,-2,-4,3,4,1
6,3,-4,-4,2,2,1
7,3,-2,-4,4,3,1
9,3,-2,-4,7,4,1
10,0,-2,-4,8,6,1
5,2,-4,-4,2,2,1
7,0,-2,-4,6,5,1
6,1,-2,-4,4,4,1
18,13,-3,-4,13,3,1
16,12,-2,-4,12,3,1
13,2,-2,-4,13,6,1
11,5,-2,-4,9,4,1
11,7,-4,-4,5,2,1
21,14,-3,-4,14,3,1
11,5,-3,-4,6,3,1
11,5,-3,-4,6,3,1
23,17,-3,-4,17,3,1
13,7,-3,-4,8,3,1
10,0,-2,-4,7,5,1
17,10,-2,-4,15,4,1
11,4,-2,-4,7,4,1
12,7,-2,-4,8,3,1
13,4,-2,-4,10,5,1
8,0,-2,-4,4,5,1
14,9,-2,-4,14,4,1
17,12,-2,-4,17,4,1
13,5,-2,-4,13,5,1
14,7,-2,-4,15,5,1
15,9,-2,-4,18,5,1
66,62,-4,-4,35,2,1
57,53,-4,-4,30,2,1
43,40,-4,-4,23,2,1
66,59,-4,-4,52,3,1
21,13,-2,-4,22,5,1
66,58,-2,-4,101,6,1
53,50,-4,-4,28,2,1
54,45,-3,-4,55,4,1
33,25,-3,-4,32,4,1
52,47,-3,-4,41,3,1
38,33,-2,-4,30,3,1
41,36,-2,-4,32,3,1
49,44,-2,-4,38,3,1
73,60,-2,-4,129,7,1
37,31,-2,-4,37,4,1
58,50,-2,-4,75,5,1
24,14,-2,-4,33,6,1
48,38,-2,-4,71,6,1
49,39,-2,-4,71,6,1
73,59,-2,-4,146,8,1
50,43,-2,-4,64,5,1
66,48,-2,-4,174,11,1
28,23,-2,-4,29,4,1
78,70,-2,-4,122,6,1
22,18,-4,-4,11,2,1
32,29,-4,-4,17,2,1
64,60,-4,-4,34,2,1
26,20,-3,-4,19,3,1
50,44,-3,-4,39,3,1
33,24,-3,-4,32,4,1
50,45,-3,-4,39,3,1
46,30,-2,-4,83,8,1
64,59,-2,-4,51,3,1
69,56,-2,-4,121,7,1
63,55,-2,-4,82,5,1
44,31,-2,-4,85,8,1
38,32,-2,-4,39,4,1
33,28,-2,-4,34,4,1
52,47,-2,-4,56,4,1
41,28,-2,-4,85,9,1
43,40,-4,-4,23,2,1
57,53,-4,-4,30,2,1
43,32,-2,-4,72,7,1
59,40,-1,-4,195,14,1
69,66,-4,-4,37,2,1
83,79,-4,-4,45,2,1
31,7,-3,-3,28,6,1
16,9,-2,-3,18,5,1
81,78,-3,-3,44,2,1
69,63,-2,-3,73,4,1
73,59,-2,-3,148,8,1
72,68,-2,-3,58,3,1
72,59,-2,-3,161,9,1
74,60,-2,-3,169,9,1
89,81,-1,-3,189,8,1
68,66,-3,-3,37,2,1
70,66,-2,-3,57,3,1
74,67,-2,-3,97,5,1
69,65,-2,-3,74,4,1
35,32,-3,-3,19,2,1
62,59,-3,-3,34,2,1
53,50,-3,-3,29,2,1
29,26,-3,-3,15,2,1
24,22,-3,-3,13,2,1
29,22,-2,-3,28,4,1
35,31,-2,-3,27,3,1
66,52,-2,-3,115,7,1
31,26,-2,-3,24,3,1
40,35,-2,-3,31,3,1
24,14,-2,-3,31,6,1
68,61,-2,-3,72,4,1
44,30,-2,-3,81,8,1
49,39,-2,-3,73,6,1
31,21,-2,-3,42,6,1
54,42,-2,-3,94,7,1
54,50,-2,-3,44,3,1
30,26,-2,-3,23,3,1
34,29,-2,-3,35,4,1
42,24,-2,-3,100,11,1
24,19,-2,-3,24,4,1
74,45,-2,-3,276,17,1
41,23,-2,-3,107,12,1
42,34,-2,-3,65,6,1
72,57,-2,-3,196,11,1
41,36,-2,-3,42,4,1
69,58,-1,-3,159,9,1
36,23,-1,-3,83,10,1
36,31,-1,-3,46,5,1
35,21,-1,-3,94,12,1
45,35,-1,-3,100,9,1
18,15,-3,-3,9,2,1
19,16,-3,-3,10,2,1
64,61,-3,-3,35,2,1
46,43,-3,-3,25,2,1
23,15,-3,-3,21,4,1
16,11,-3,-3,11,3,1
32,23,-2,-3,38,5,1
22,14,-2,-3,20,4,1
23,19,-2,-3,17,3,1
61,57,-2,-3,49,3,1
56,45,-2,-3,84,6,1
49,36,-2,-3,83,7,1
22,15,-2,-3,20,4,1
26,14,-2,-3,40,7,1
33,20,-2,-3,59,8,1
67,61,-2,-3,71,4,1
19,15,-2,-3,14,3,1
14,6,-2,-3,13,5,1
29,20,-2,-3,41,6,1
56,49,-2,-3,72,5,1
25,14,-2,-3,39,7,1
21,14,-2,-3,23,5,1
53,34,-2,-3,149,12,1
64,54,-2,-3,115,7,1
59,52,-2,-3,77,5,1
22,15,-2,-3,26,5,1
32,21,-2,-3,50,8,1
24,15,-2,-3,39,7,1
57,52,-2,-3,61,4,1
21,14,-1,-3,29,6,1
29,11,-1,-3,79,14,1
47,44,-3,-3,25,2,1
42,40,-3,-3,23,2,1
47,41,-3,-3,37,3,1
31,22,-2,-3,37,5,1
56,50,-2,-3,58,4,1
38,32,-2,-3,39,4,1
30,26,-2,-3,23,3,1
61,58,-2,-3,50,3,1
57,47,-2,-3,100,7,1
59,50,-2,-3,89,6,1
31,26,-2,-3,32,4,1
18,15,-3,-3,9,2,1
50,48,-3,-3,27,2,1
44,41,-3,-3,24,2,1
62,59,-3,-3,34,2,1
63,60,-3,-3,34,2,1
54,51,-3,-3,29,2,1
23,20,-3,-3,12,2,1
32,29,-3,-3,17,2,1
37,29,-3,-3,36,4,1
41,32,-2,-3,51,5,1
50,46,-2,-3,40,3,1
30,25,-2,-3,23,3,1
59,50,-2,-3,75,5,1
20,11,-2,-3,21,5,1
32,27,-2,-3,24,3,1
21,14,-2,-3,19,4,1
23,17,-2,-3,22,4,1
36,32,-2,-3,29,3,1
36,32,-2,-3,28,3,1
51,48,-2,-3,41,3,1
47,41,-2,-3,49,4,1
67,61,-2,-3,70,4,1
72,58,-2,-3,161,9,1
44,37,-2,-3,56,5,1
27,23,-2,-3,21,3,1
66,57,-2,-3,102,6,1
29,23,-2,-3,29,4,1
45,34,-2,-3,77,7,1
20,14,-2,-3,19,4,1
22,13,-2,-3,27,6,1
37,32,-2,-3,38,4,1
44,39,-2,-3,45,4,1
37,33,-2,-3,29,3,1
58,46,-2,-3,114,8,1
28,22,-2,-3,33,5,1
25,13,-2,-3,49,9,1
48,35,-2,-3,103,9,1
52,46,-2,-3,69,5,1
40,31,-2,-3,69,7,1
30,17,-1,-3,67,10,1
56,50,-1,-3,74,5,1
47,39,-1,-3,83,7,1
64,59,-1,-3,85,5,1
18,6,-1,-3,33,10,1
54,45,-1,-3,110,8,1
9,5,-2,-3,6,3,1
10,6,-2,-3,7,3,1
12,6,-3,-3,7,3,1
9,5,-2,-3,5,3,1
6,1,-2,-3,4,4,1
34,32,-3,-3,18,2,1
63,60,-3,-3,34,2,1
31,28,-3,-3,16,2,1
64,61,-3,-3,35,2,1
22,16,-3,-3,16,3,1
47,44,-3,-3,25,2,1
23,14,-3,-3,21,4,1
51,49,-3,-3,28,2,1
17,14,-3,-3,9,2,1
10,7,-3,-3,5,2,1
36,33,-3,-3,19,2,1
5,2,-3,-3,2,2,1
54,51,-3,-3,29,2,1
38,35,-3,-3,20,2,1
77,75,-3,-3,42,2,1
27,24,-3,-3,14,2,1
14,12,-3,-3,7,2,1
80,77,-3,-3,44,2,1
30,24,-3,-3,22,3,1
67,57,-2,-3,85,5,1
31,23,-2,-3,30,4,1
18,11,-2,-3,16,4,1
63,56,-2,-3,66,4,1
36,29,-2,-3,36,4,1
34,30,-2,-3,26,3,1
77,64,-2,-3,138,7,1
55,46,-2,-3,71,5,1
41,36,-2,-3,32,3,1
56,51,-2,-3,45,3,1
53,49,-2,-3,43,3,1
41,36,-2,-3,32,3,1
48,41,-2,-3,49,4,1
46,40,-2,-3,48,4,1
56,48,-2,-3,71,5,1
14,6,-2,-3,15,5,1
8,0,-2,-3,6,5,1
55,47,-2,-3,71,5,1
17,7,-2,-3,20,6,1
68,65,-2,-3,55,3,1
51,48,-2,-3,41,3,1
54,50,-2,-3,43,3,1
63,59,-2,-3,51,3,1
27,23,-2,-3,21,4,1
14,11,-2,-3,10,3,1
14,8,-2,-3,12,4,1
57,51,-2,-3,60,4,1
29,23,-2,-3,29,4,1
76,68,-2,-3,100,5,1
21,17,-2,-3,16,3,1
35,32,-2,-3,28,3,1
23,19,-2,-3,17,3,1
42,39,-2,-3,34,3,1
50,39,-2,-3,85,7,1
39,33,-2,-3,40,4,1
54,47,-2,-3,70,5,1
59,53,-2,-3,62,4,1
38,29,-2,-3,55,6,1
5,1,-2,-3,3,3,1
15,8,-2,-3,16,5,1
67,63,-2,-3,54,3,1
16,13,-2,-3,12,3,1
5,0,-2,-3,3,4,1
13,7,-2,-3,11,4,1
41,34,-2,-3,52,5,1
8,5,-2,-3,5,3,1
15,12,-2,-3,11,3,1
64,60,-2,-3,52,3,1
43,40,-2,-3,23,3,1
57,53,-2,-3,46,3,1
75,63,-2,-3,153,8,1
14,5,-2,-3,18,7,1
28,18,-2,-3,46,7,1
24,16,-2,-3,33,6,1
56,48,-2,-3,86,6,1
28,20,-2,-3,39,6,1
41,25,-2,-3,101,11,1
8,0,-2,-3,6,6,1
25,19,-2,-3,30,5,1
41,35,-2,-3,54,5,1
50,33,-2,-3,138,12,1
89,85,-2,-3,97,4,1
5,0,-2,-3,2,4,1
12,7,-2,-3,10,4,1
76,67,-2,-3,137,7,1
58,49,-2,-3,102,7,1
5,0,-2,-3,3,4,1
82,77,-2,-3,89,4,1
9,5,-2,-3,8,4,1
68,45,-2,-3,248,16,1
60,56,-2,-3,65,4,1
49,44,-2,-3,52,4,1
76,71,-2,-3,82,4,1
6,2,-1,-3,5,4,1
32,28,-1,-3,33,4,1
71,59,-1,-3,162,9,1
16,9,-1,-3,22,6,1
39,32,-1,-3,58,6,1
41,34,-1,-3,63,6,1
47,41,-1,-3,61,5,1
58,50,-1,-3,104,7,1
46,32,-1,-3,122,11,1
21,15,-1,-3,25,5,1
14,9,-1,-3,17,5,1
48,42,-1,-3,63,5,1
90,76,-1,-3,274,12,1
60,42,-1,-3,217,15,1
13,6,-1,-3,16,6,1
7,1,-2,-3,5,4,1
5,0,-2,-3,3,4,1
6,0,-2,-3,4,5,1
5,0,-1,-3,4,5,1
11,8,-3,-3,5,2,1
19,5,-2,-3,33,9,1
16,12,-2,-3,12,3,1
17,12,-2,-3,16,4,1
15,10,-2,-3,14,4,1
11,7,-2,-3,8,3,1
19,9,-2,-3,26,7,1
16,12,-1,-3,16,4,1
20,4,-1,-3,39,12,1
8,5,-3,-3,4,2,1
6,4,-3,-3,3,2,1
10,5,-2,-3,6,3,1
9,5,-2,-3,6,3,1
8,5,-2,-3,5,3,1
8,4,-1,-3,7,4,1
3,0,-3,-3,1,2,1
5,3,-3,-3,2,2,1
8,0,-2,-3,5,5,1
10,1,-2,-3,10,7,1
9,0,-2,-3,9,7,1
5,0,-1,-3,4,5,1
6,4,-3,-3,3,2,1
6,4,-2,-3,9,3,1
6,0,-2,-3,3,4,1
6,3,-2,-3,3,3,1
7,3,-2,-3,5,4,1
7,0,-1,-3,6,6,1
8,5,-3,-3,4,2,1
13,10,-3,-3,6,2,1
30,27,-3,-3,16,2,1
21,14,-2,-3,19,4,1
23,18,-2,-3,17,3,1
20,14,-2,-3,19,4,1
14,10,-2,-3,10,3,1
26,19,-2,-3,31,5,1
32,27,-2,-3,33,4,1
22,18,-2,-3,17,3,1
19,13,-2,-3,22,5,1
13,8,-2,-3,11,4,1
14,9,-2,-3,12,4,1
26,17,-1,-3,42,7,1
22,17,-1,-3,21,4,1
26,16,-1,-3,48,8,1
14,6,-1,-3,20,7,1
34,28,-1,-3,52,6,1
32,27,-3,-3,25,3,1
30,26,-2,-3,23,3,1
34,27,-2,-3,43,5,1
16,11,-2,-3,15,4,1
16,13,-2,-3,12,3,1
31,27,-2,-3,24,3,1
24,18,-2,-3,30,5,1
32,24,-1,-3,47,6,1
37,24,-1,-3,96,11,1
32,30,-3,-3,17,2,1
31,28,-3,-3,16,2,1
32,26,-2,-3,32,4,1
26,23,-2,-3,20,3,1
41,28,-2,-3,86,9,1
31,28,-3,-3,16,2,1
22,19,-3,-3,11,2,1
45,39,-2,-3,47,4,1
32,26,-2,-3,32,4,1
29,22,-2,-3,35,5,1
23,19,-2,-3,17,3,1
41,34,-2,-3,53,5,1
27,23,-2,-3,27,4,1
32,27,-2,-3,32,4,1
26,17,-1,-3,41,7,1
52,50,-3,-3,28,2,1
57,54,-3,-3,31,2,1
61,59,-3,-3,33,2,1
55,50,-2,-3,58,4,1
52,49,-2,-3,42,3,1
48,44,-2,-3,38,3,1
61,52,-2,-3,110,7,1
57,47,-1,-3,114,8,1
54,49,-1,-3,71,5,1
61,56,-1,-3,80,5,1
61,59,-3,-3,33,2,1
48,45,-3,-3,26,2,1
52,48,-2,-3,41,3,1
45,40,-2,-3,47,4,1
78,71,-2,-3,103,5,1
74,70,-2,-3,60,3,1
52,38,-1,-3,136,11,1
54,48,-1,-3,85,6,1
65,62,-3,-3,35,2,1
81,76,-2,-3,87,4,1
14,1,-1,-2,2,4,1
105,97,-1,-2,197,7,1
67,65,-2,-2,36,2,1
76,74,-2,-2,41,2,1
67,63,-2,-2,54,3,1
68,59,-2,-2,106,6,1
71,65,-2,-2,94,5,1
87,77,-2,-2,182,8,1
73,58,-2,-2,199,11,1
77,73,-2,-2,83,4,1
72,69,-1,-2,59,3,1
68,59,-1,-2,123,7,1
68,64,-1,-2,73,4,1
67,63,-1,-2,72,4,1
73,65,-1,-2,172,9,1
70,67,-2,-2,57,3,1
70,64,-2,-2,93,5,1
78,68,-2,-2,162,8,1
68,64,-2,-2,73,4,1
78,76,-1,-2,64,3,1
59,57,-2,-2,32,2,1
45,43,-2,-2,24,2,1
67,65,-2,-2,36,2,1
34,32,-2,-2,18,2,1
51,48,-2,-2,41,3,1
76,72,-2,-2,61,3,1
54,48,-2,-2,71,5,1
54,48,-2,-2,71,5,1
50,45,-2,-2,52,4,1
45,41,-2,-2,47,4,1
51,46,-1,-2,68,5,1
40,37,-1,-2,32,3,1
34,32,-1,-2,27,3,1
35,32,-1,-2,28,3,1
64,61,-1,-2,52,3,1
75,62,-1,-2,210,11,1
35,29,-1,-2,53,6,1
68,65,-1,-2,74,4,1
60,57,-1,-2,65,4,1
59,52,-1,-2,108,7,1
55,50,-1,-2,73,5,1
51,46,-1,-2,81,6,1
45,43,-2,-2,24,2,1
63,61,-2,-2,34,2,1
50,48,-2,-2,27,2,1
60,57,-2,-2,49,3,1
56,52,-2,-2,45,3,1
51,48,-2,-2,41,3,1
45,41,-2,-2,36,3,1
60,53,-2,-2,79,5,1
49,41,-2,-2,74,6,1
50,43,-2,-2,64,5,1
56,50,-2,-2,73,5,1
48,41,-2,-2,62,5,1
48,43,-2,-2,51,4,1
61,46,-1,-2,178,12,1
49,43,-1,-2,64,5,1
50,48,-1,-2,41,3,1
59,57,-1,-2,48,3,1
59,56,-1,-2,47,3,1
63,60,-1,-2,51,3,1
50,44,-1,-2,64,5,1
65,56,-1,-2,135,8,1
63,57,-1,-2,100,6,1
50,43,-1,-2,77,6,1
66,59,-1,-2,104,6,1
68,55,-1,-2,188,11,1
52,46,-1,-2,82,6,1
58,41,-1,-2,203,15,1
56,52,-1,-2,60,4,1
50,46,-1,-2,53,4,1
63,59,-1,-2,68,4,1
55,51,-1,-2,59,4,1
54,46,-1,-2,110,8,1
64,56,-1,-2,132,8,1
66,61,-1,-2,88,5,1
59,54,-1,-2,78,5,1
65,60,-1,-2,87,5,1
58,52,-1,-2,92,6,1
65,59,-1,-2,103,6,1
58,51,-1,-2,106,7,1
34,32,-2,-2,18,2,1
39,37,-2,-2,21,2,1
23,22,-2,-2,12,2,1
32,26,-2,-2,32,4,1
44,37,-2,-2,56,5,1
30,26,-2,-2,23,3,1
32,24,-2,-2,39,5,1
39,35,-2,-2,31,3,1
36,30,-2,-2,45,5,1
30,23,-1,-2,43,6,1
67,64,-1,-2,54,3,1
35,32,-1,-2,28,3,1
38,32,-1,-2,49,5,1
23,21,-1,-2,18,3,1
34,32,-1,-2,27,3,1
35,32,-1,-2,37,4,1
28,24,-1,-2,29,4,1
44,22,-1,-2,19,8,1
26,22,-1,-2,33,5,1
25,21,-1,-2,32,5,1
28,23,-1,-2,35,5,1
71,64,-1,-2,151,8,1
28,26,-2,-2,15,2,1
23,22,-2,-2,12,2,1
32,25,-2,-2,39,5,1
28,23,-2,-2,28,4,1
23,19,-2,-2,23,4,1
26,22,-2,-2,26,4,1
31,19,-1,-2,61,9,1
30,23,-1,-2,43,6,1
24,22,-1,-2,19,3,1
28,25,-1,-2,22,3,1
27,21,-1,-2,39,6,1
30,26,-1,-2,31,4,1
24,21,-1,-2,25,4,1
18,16,-2,-2,9,2,1
23,21,-2,-2,12,2,1
27,25,-2,-2,14,2,1
33,30,-2,-2,26,3,1
20,16,-2,-2,15,3,1
24,19,-2,-2,24,4,1
24,18,-2,-2,29,5,1
18,15,-1,-2,14,3,1
23,21,-1,-2,18,3,1
27,19,-1,-2,44,7,1
21,15,-1,-2,25,5,1
26,20,-1,-2,38,6,1
17,14,-1,-2,17,4,1
33,30,-1,-2,35,4,1
23,19,-1,-2,29,5,1
17,15,-2,-2,9,2,1
27,25,-2,-2,14,2,1
32,30,-2,-2,17,2,1
23,21,-2,-2,12,2,1
20,16,-2,-2,15,3,1
10,6,-2,-2,7,3,1
33,28,-2,-2,34,4,1
23,19,-2,-2,17,3,1
29,23,-2,-2,29,4,1
26,21,-2,-2,26,4,1
36,30,-2,-2,46,5,1
22,15,-2,-2,25,5,1
22,15,-2,-2,25,5,1
31,24,-2,-2,38,5,1
25,21,-2,-2,26,4,1
32,27,-2,-2,32,4,1
23,16,-1,-2,33,6,1
25,15,-1,-2,44,8,1
18,15,-1,-2,14,3,1
18,13,-1,-2,21,5,1
12,6,-1,-2,13,5,1
16,11,-1,-2,19,5,1
14,12,-1,-2,11,3,1
23,20,-1,-2,17,3,1
32,29,-1,-2,25,3,1
31,25,-1,-2,39,5,1
20,14,-1,-2,27,6,1
40,30,-1,-2,88,9,1
12,8,-1,-2,11,4,1
32,28,-1,-2,33,4,1
20,15,-1,-2,25,5,1
25,21,-1,-2,32,5,1
7,5,-2,-2,3,2,1
9,5,-2,-2,6,3,1
5,1,-2,-2,2,3,1
6,0,-2,-2,4,5,1
8,0,-1,-2,8,7,1
6,3,-1,-2,5,4,1
10,8,-2,-2,5,2,1
8,1,-2,-2,6,5,1
13,8,-2,-2,12,4,1
5,0,-2,-2,2,4,1
11,8,-1,-2,8,3,1
5,3,-1,-2,3,3,1
10,5,-1,-2,10,5,1
13,8,-1,-2,15,5,1
15,11,-2,-2,15,4,1
15,11,-2,-2,14,4,1
14,11,-1,-2,10,3,1
77,76,-2,-2,43,2,1
82,80,-2,-2,45,2,1
73,71,-2,-2,40,2,1
23,20,-2,-2,18,3,1
93,91,-2,-2,51,2,1
67,65,-2,-2,37,2,1
101,99,-2,-2,56,2,1
22,16,-2,-2,21,4,1
23,22,-2,-2,13,2,1
20,16,-2,-2,15,3,1
5,4,-2,-2,3,2,1
32,31,-2,-2,17,2,1
42,41,-2,-2,23,2,1
60,59,-2,-2,33,2,1
19,17,-2,-2,10,2,1
44,42,-2,-2,24,2,1
20,18,-2,-2,11,2,1
14,12,-2,-2,7,2,1
56,54,-2,-2,31,2,1
44,39,-2,-2,46,4,1
4,0,-2,-2,2,3,1
47,45,-2,-2,26,2,1
12,10,-2,-2,6,2,1
42,39,-2,-2,34,3,1
38,36,-2,-2,21,2,1
72,68,-2,-2,59,3,1
9,7,-2,-2,5,2,1
41,39,-2,-2,22,2,1
62,59,-2,-2,50,3,1
40,38,-2,-2,22,2,1
58,54,-2,-2,47,3,1
49,47,-2,-2,27,2,1
35,33,-2,-2,19,2,1
53,51,-2,-2,29,2,1
5,0,-2,-2,3,4,1
5,2,-2,-2,3,3,1
37,32,-2,-2,38,4,1
61,54,-2,-2,80,5,1
31,27,-2,-2,24,3,1
32,29,-2,-2,25,3,1
84,72,-2,-2,173,8,1
33,27,-2,-2,42,5,1
6,0,-2,-2,5,5,1
20,5,-2,-2,8,4,1
14,9,-2,-2,12,4,1
45,41,-2,-2,36,4,1
40,35,-2,-2,41,4,1
37,32,-2,-2,38,4,1
62,58,-2,-2,66,4,1
54,50,-2,-2,58,4,1
26,22,-2,-2,26,4,1
58,53,-2,-2,61,4,1
84,79,-2,-2,91,4,1
14,10,-2,-2,14,4,1
47,38,-2,-2,82,7,1
11,6,-1,-2,9,4,1
32,28,-1,-2,33,4,1
33,26,-1,-2,49,6,1
40,32,-1,-2,60,6,1
65,58,-1,-2,103,6,1
78,71,-1,-2,125,6,1
54,44,-1,-2,109,8,1
57,44,-1,-2,141,10,1
40,37,-1,-2,32,3,1
53,50,-1,-2,43,3,1
29,26,-1,-2,23,3,1
33,31,-1,-2,27,3,1
35,32,-1,-2,28,3,1
36,31,-1,-2,46,5,1
14,11,-1,-2,10,3,1
14,11,-1,-2,10,3,1
50,48,-1,-2,41,3,1
32,30,-1,-2,26,3,1
10,7,-1,-2,7,3,1
82,79,-1,-2,67,3,1
68,65,-1,-2,55,3,1
25,23,-1,-2,20,3,1
40,37,-1,-2,32,3,1
41,38,-1,-2,33,3,1
47,44,-1,-2,38,3,1
12,9,-1,-2,9,3,1
50,44,-1,-2,65,5,1
34,32,-1,-2,28,3,1
42,40,-1,-2,34,3,1
23,18,-1,-2,29,5,1
51,49,-1,-2,42,3,1
23,17,-1,-2,28,5,1
20,17,-1,-2,15,3,1
54,49,-1,-2,71,5,1
45,40,-1,-2,59,5,1
39,36,-1,-2,31,3,1
59,53,-1,-2,78,5,1
47,44,-1,-2,38,3,1
10,7,-1,-2,7,3,1
77,75,-1,-2,64,3,1
37,32,-1,-2,48,5,1
13,10,-1,-2,9,3,1
48,42,-1,-2,63,5,1
37,34,-1,-2,30,3,1
78,76,-1,-2,64,3,1
42,33,-1,-2,83,8,1
71,65,-1,-2,113,6,1
7,1,-1,-2,7,6,1
100,94,-1,-2,162,6,1
60,54,-1,-2,95,6,1
69,63,-1,-2,109,6,1
48,38,-1,-2,107,9,1
83,69,-1,-2,252,12,1
56,52,-1,-2,60,4,1
63,59,-1,-2,68,4,1
24,21,-1,-2,25,4,1
33,30,-1,-2,35,4,1
25,22,-1,-2,26,4,1
44,37,-1,-2,78,7,1
25,22,-1,-2,26,4,1
28,24,-1,-2,29,4,1
61,58,-1,-2,66,4,1
13,9,-1,-2,12,4,1
31,27,-1,-2,32,4,1
99,95,-1,-2,108,4,1
80,77,-1,-2,87,4,1
27,23,-1,-2,28,4,1
35,32,-1,-2,37,4,1
53,50,-1,-2,57,4,1
32,24,-1,-2,54,7,1
70,67,-1,-2,76,4,1
55,44,-1,-2,137,10,1
21,17,-1,-2,21,4,1
15,12,-1,-2,15,4,1
37,33,-1,-2,39,4,1
22,18,-1,-2,22,4,1
52,49,-1,-2,56,4,1
48,44,-1,-2,51,4,1
19,11,-1,-2,33,8,1
35,31,-1,-2,46,5,1
16,12,-1,-2,20,5,1
41,36,-1,-2,54,5,1
31,26,-1,-2,39,5,1
45,41,-1,-2,59,5,1
14,10,-1,-2,17,5,1
25,20,-1,-2,37,6,1
29,18,-1,-2,70,11,1
31,25,-1,-2,46,6,1
81,75,-1,-2,152,7,1
45,38,-1,-2,91,8,1
45,37,-1,-2,103,9,1
67,55,-1,-2,219,13,1
4,1,-1,-2,2,3,1
2,0,-2,-2,0,2,1
4,1,-1,-2,2,3,1
3,0,-1,-2,1,3,1
4,0,-1,-2,2,4,1
7,5,-1,-2,5,3,1
6,3,-1,-2,5,4,1
6,4,-1,-2,4,3,1
8,6,-2,-2,4,2,1
8,5,-1,-2,5,3,1
57,55,-2,-2,31,2,1
15,14,-2,-2,8,2,1
59,58,-2,-2,32,2,1
41,39,-2,-2,22,2,1
48,46,-2,-2,26,2,1
61,59,-2,-2,33,2,1
66,62,-2,-2,53,3,1
50,49,-2,-2,27,2,1
29,27,-2,-2,15,2,1
64,62,-2,-2,35,2,1
19,17,-2,-2,10,2,1
30,28,-2,-2,16,2,1
51,50,-2,-2,28,2,1
55,53,-2,-2,30,2,1
52,50,-2,-2,28,2,1
32,31,-2,-2,17,2,1
37,35,-2,-2,20,2,1
26,23,-2,-2,20,3,1
45,39,-2,-2,58,5,1
42,38,-2,-2,45,4,1
59,55,-2,-2,63,4,1
29,24,-2,-2,29,4,1
49,44,-2,-2,51,4,1
57,52,-2,-2,60,4,1
31,26,-2,-2,31,4,1
43,39,-1,-2,45,4,1
42,40,-1,-2,34,3,1
38,35,-1,-2,30,3,1
53,50,-1,-2,43,3,1
34,32,-1,-2,28,3,1
12,9,-1,-2,9,3,1
62,54,-1,-2,112,7,1
25,23,-1,-2,20,3,1
16,14,-1,-2,12,3,1
16,14,-1,-2,12,3,1
26,23,-1,-2,21,3,1
43,41,-1,-2,35,3,1
41,39,-1,-2,33,3,1
57,54,-1,-2,46,3,1
61,59,-1,-2,50,3,1
37,34,-1,-2,30,3,1
44,38,-1,-2,68,6,1
62,56,-1,-2,98,6,1
17,14,-1,-2,17,4,1
38,34,-1,-2,40,4,1
66,62,-1,-2,71,4,1
57,53,-1,-2,61,4,1
57,50,-1,-2,103,7,1
58,54,-1,-2,62,4,1
59,56,-1,-2,64,4,1
40,36,-1,-2,42,4,1
31,27,-1,-2,32,4,1
44,41,-1,-2,47,4,1
56,51,-1,-2,74,5,1
63,59,-1,-2,84,5,1
39,34,-1,-2,51,5,1
14,8,-1,-2,18,6,1
25,19,-1,-2,42,7,1
57,48,-1,-2,145,10,1
40,38,-2,-2,21,2,1
22,20,-2,-2,11,2,1
58,56,-2,-2,31,2,1
27,24,-1,-2,21,3,1
45,42,-1,-2,36,3,1
58,55,-1,-2,47,3,1
54,51,-1,-2,44,3,1
23,20,-1,-2,18,3,1
50,47,-1,-2,40,3,1
22,19,-1,-2,17,3,1
26,23,-1,-2,20,3,1
31,28,-1,-2,24,3,1
50,46,-1,-2,53,4,1
62,59,-1,-2,67,4,1
55,50,-1,-2,73,5,1
54,50,-1,-2,72,5,1
66,60,-1,-2,105,6,1
61,59,-2,-2,33,2,1
52,50,-2,-2,28,2,1
43,41,-2,-2,23,2,1
30,28,-2,-2,16,2,1
25,23,-2,-2,13,2,1
11,9,-2,-2,5,2,1
16,14,-2,-2,8,2,1
21,19,-2,-2,11,2,1
61,58,-2,-2,49,3,1
49,44,-2,-2,52,4,1
62,58,-2,-2,67,4,1
44,41,-1,-2,36,3,1
58,55,-1,-2,47,3,1
12,9,-1,-2,9,3,1
17,14,-1,-2,13,3,1
11,8,-1,-2,8,3,1
55,47,-1,-2,98,7,1
25,23,-1,-2,20,3,1
59,54,-1,-2,78,5,1
30,27,-1,-2,23,3,1
31,28,-1,-2,24,3,1
22,19,-1,-2,17,3,1
57,54,-1,-2,46,3,1
52,50,-1,-2,42,3,1
48,45,-1,-2,38,3,1
50,46,-1,-2,53,4,1
25,22,-1,-2,26,4,1
12,8,-1,-2,11,4,1
17,14,-1,-2,17,4,1
58,54,-1,-2,62,4,1
32,28,-1,-2,33,4,1
57,53,-1,-2,61,4,1
43,40,-1,-2,46,4,1
62,58,-1,-2,83,5,1
46,41,-1,-2,61,5,1
59,55,-1,-2,80,5,1
53,49,-1,-2,70,5,1
22,17,-1,-2,27,5,1
54,49,-1,-2,85,6,1
55,53,-2,-2,30,2,1
59,58,-2,-2,32,2,1
64,62,-2,-2,35,2,1
31,29,-2,-2,16,2,1
59,57,-1,-2,48,3,1
32,29,-1,-2,16,3,1
60,58,-1,-2,49,3,1
32,29,-1,-2,25,3,1
56,53,-1,-2,45,3,1
42,40,-1,-2,34,3,1
38,35,-1,-2,30,3,1
47,44,-1,-2,38,3,1
26,23,-1,-2,20,3,1
41,39,-1,-2,33,3,1
55,49,-1,-2,72,6,1
51,48,-1,-2,55,4,1
32,28,-1,-2,33,4,1
66,62,-1,-2,71,4,1
28,24,-1,-2,29,4,1
23,19,-1,-2,23,4,1
42,39,-1,-2,45,4,1
39,35,-1,-2,41,4,1
59,56,-1,-2,64,4,1
32,29,-1,-2,34,4,1
57,53,-1,-2,61,4,1
52,49,-1,-2,56,4,1
57,52,-1,-2,76,5,1
40,35,-1,-2,52,5,1
39,34,-1,-2,51,5,1
52,48,-1,-2,69,5,1
47,42,-1,-2,62,5,1
46,41,-1,-2,71,6,1
48,41,-1,-2,86,7,1
69,68,-2,-2,38,2,1
65,63,-2,-2,35,2,1
66,62,-1,-2,71,4,1
65,63,-2,-2,35,2,1
69,68,-2,-2,38,2,1
74,72,-2,-2,40,2,1
78,76,-1,-2,64,3,1
66,62,-1,-2,71,4,1
66,61,-1,-2,88,5,1
12,9,-1,-1,12,4,1
55,53,-1,-1,45,3,1
66,65,-1,-1,36,2,1
70,69,-1,-1,39,2,1
67,65,-1,-1,55,3,1
84,82,-1,-1,69,3,1
70,68,-1,-1,58,3,1
49,48,-1,-1,27,2,1
62,61,-1,-1,34,2,1
58,57,-1,-1,32,2,1
45,43,-1,-1,37,3,1
59,57,-1,-1,48,3,1
50,48,-1,-1,40,3,1
56,52,-1,-1,75,5,1
58,55,-1,-1,62,4,1
49,46,-1,-1,52,4,1
53,50,-1,-1,57,4,1
59,55,-1,-1,79,5,1
59,57,-1,-1,64,4,1
46,43,-1,-1,49,4,1
58,56,-1,-1,47,3,1
62,60,-1,-1,51,3,1
49,47,-1,-1,40,3,1
53,51,-1,-1,43,3,1
59,56,-1,-1,63,4,1
54,51,-1,-1,58,4,1
44,41,-1,-1,59,5,1
52,48,-1,-1,83,6,1
49,45,-1,-1,65,5,1
55,50,-1,-1,88,6,1
33,32,-1,-1,18,2,1
27,26,-1,-1,15,2,1
47,46,-1,-1,26,2,1
42,41,-1,-1,23,2,1
23,22,-1,-1,12,2,1
32,31,-1,-1,17,2,1
34,32,-1,-1,28,3,1
39,37,-1,-1,31,3,1
29,26,-1,-1,30,4,1
23,21,-1,-1,18,3,1
36,32,-1,-1,47,5,1
27,25,-1,-1,22,3,1
29,25,-1,-1,37,5,1
33,30,-1,-1,44,5,1
30,26,-1,-1,39,5,1
27,23,-1,-1,35,5,1
39,35,-1,-1,51,5,1
23,20,-1,-1,23,4,1
28,24,-1,-1,36,5,1
32,29,-1,-1,33,4,1
23,20,-1,-1,30,5,1
56,53,-1,-1,60,4,1
60,58,-1,-1,65,4,1
60,59,-1,-1,49,3,1
42,40,-1,-1,45,4,1
32,31,-1,-1,26,3,1
42,41,-1,-1,34,3,1
56,54,-1,-1,46,3,1
38,35,-1,-1,40,4,1
51,49,-1,-1,55,4,1
47,44,-1,-1,50,4,1
26,21,-1,-1,45,7,1
52,50,-1,-1,43,3,1
61,59,-1,-1,50,3,1
57,55,-1,-1,46,3,1
32,29,-1,-1,42,5,1
52,49,-1,-1,70,5,1
61,59,-1,-1,66,4,1
43,41,-1,-1,46,4,1
52,50,-1,-1,56,4,1
27,26,-1,-1,15,2,1
59,58,-1,-1,32,2,1
41,40,-1,-1,22,2,1
50,49,-1,-1,27,2,1
72,71,-1,-1,40,2,1
79,78,-1,-1,44,2,1
68,68,-1,-1,38,2,1
45,44,-1,-1,25,2,1
68,67,-1,-1,56,3,1
60,59,-1,-1,33,2,1
77,76,-1,-1,64,3,1
77,77,-1,-1,43,2,1
66,65,-1,-1,36,2,1
73,72,-1,-1,40,2,1
38,37,-1,-1,21,2,1
36,35,-1,-1,20,2,1
51,50,-1,-1,28,2,1
56,55,-1,-1,31,2,1
39,37,-1,-1,31,3,1
59,57,-1,-1,48,3,1
50,48,-1,-1,40,3,1
72,70,-1,-1,59,3,1
67,65,-1,-1,55,3,1
34,32,-1,-1,28,3,1
28,26,-1,-1,22,3,1
47,43,-1,-1,62,5,1
36,32,-1,-1,47,5,1
32,30,-1,-1,25,3,1
29,26,-1,-1,30,4,1
38,35,-1,-1,40,4,1
59,57,-1,-1,64,4,1
53,50,-1,-1,57,4,1
34,32,-1,-1,36,4,1
59,56,-1,-1,63,4,1
34,29,-1,-1,61,7,1
32,29,-1,-1,33,4,1
50,47,-1,-1,53,4,1
28,25,-1,-1,29,4,1
28,22,-1,-1,55,8,1
23,20,-1,-1,30,5,1
24,21,-1,-1,31,5,1
27,23,-1,-1,41,6,1
33,29,-1,-1,52,6,1
47,42,-1,-1,74,6,1
33,28,-1,-1,59,7,1
46,44,-1,-1,37,3,1
47,45,-1,-1,38,3,1
56,54,-1,-1,46,3,1
38,36,-1,-1,31,3,1
59,58,-1,-1,49,3,1
42,41,-1,-1,34,3,1
43,41,-1,-1,35,3,1
36,34,-1,-1,29,3,1
57,55,-1,-1,46,3,1
48,44,-1,-1,64,5,1
52,50,-1,-1,43,3,1
64,62,-1,-1,52,3,1
58,54,-1,-1,77,5,1
32,30,-1,-1,34,4,1
78,76,-1,-1,85,4,1
57,54,-1,-1,61,4,1
71,68,-1,-1,77,4,1
70,68,-1,-1,58,3,1
34,33,-1,-1,19,2,1
58,57,-1,-1,32,2,1
39,38,-1,-1,21,2,1
49,48,-1,-1,27,2,1
53,52,-1,-1,29,2,1
44,43,-1,-1,24,2,1
18,16,-1,-1,14,3,1
19,16,-1,-1,19,4,1
18,15,-1,-1,18,4,1
20,16,-1,-1,25,5,1
44,42,-1,-1,36,3,1
53,51,-1,-1,43,3,1
14,13,-1,-1,7,2,1
12,11,-1,-1,6,2,1
9,8,-1,-1,5,2,1
14,13,-1,-1,11,3,1
20,15,-1,-1,29,6,1
10,7,-1,-1,9,4,1
14,12,-1,-1,10,3,1
11,8,-1,-1,10,4,1
14,10,-1,-1,16,5,1
21,16,-1,-1,31,6,1
19,14,-1,-1,28,6,1
96,94,-1,-1,105,4,1
9,8,-1,-1,5,2,1
11,8,-1,-1,10,4,1
12,11,-1,-1,6,2,1
14,11,-1,-1,13,4,1
12,10,-1,-1,9,3,1
7,6,-1,-1,4,2,1
4,0,-1,-1,2,5,1
6,5,-1,-1,3,2,1
5,3,-1,-1,3,3,1
7,6,-1,-1,4,2,1
7,5,-1,-1,5,3,1
5,4,-1,-1,2,2,1
6,5,-1,-1,4,3,1
8,6,-1,-1,6,3,1
66,65,-1,-1,36,2,1
72,71,-1,-1,40,2,1
52,51,-1,-1,29,2,1
79,78,-1,-1,44,2,1
90,89,-1,-1,50,2,1
68,67,-1,-1,37,2,1
81,80,-1,-1,45,2,1
73,71,-1,-1,60,3,1
43,42,-1,-1,24,2,1
48,47,-1,-1,26,2,1
82,81,-1,-1,45,2,1
39,38,-1,-1,21,2,1
29,28,-1,-1,16,2,1
49,47,-1,-1,40,3,1
44,42,-1,-1,36,3,1
61,59,-1,-1,50,3,1
26,25,-1,-1,14,2,1
22,21,-1,-1,12,2,1
35,33,-1,-1,29,3,1
52,50,-1,-1,57,4,1
78,76,-1,-1,86,4,1
104,101,-1,-1,114,4,1
86,83,-1,-1,94,4,1
22,19,-1,-1,23,4,1
41,38,-1,-1,44,4,1
6,5,-1,-1,3,2,1
11,10,-1,-1,6,2,1
35,31,-1,-1,55,6,1
7,6,-1,-1,4,2,1
15,14,-1,-1,12,3,1
52,49,-1,-1,70,5,1
78,74,-1,-1,127,6,1
17,15,-1,-1,14,3,1
22,20,-1,-1,17,3,1
17,14,-1,-1,18,4,1
8,7,-1,-1,4,2,1
14,4,-1,-1,2,2,1
20,18,-1,-1,16,3,1
10,9,-1,-1,5,2,1
20,17,-1,-1,21,4,1
1,0,-1,-1,0,2,1
51,50,-1,-1,28,2,1
47,46,-1,-1,26,2,1
55,54,-1,-1,30,2,1
35,34,-1,-1,19,2,1
42,40,-1,-1,46,4,1
27,26,-1,-1,15,2,1
32,32,-1,-1,18,2,1
41,40,-1,-1,22,2,1
53,52,-1,-1,29,2,1
65,64,-1,-1,36,2,1
44,43,-1,-1,24,2,1
59,58,-1,-1,49,3,1
63,62,-1,-1,35,2,1
58,57,-1,-1,32,2,1
19,18,-1,-1,10,2,1
38,37,-1,-1,21,2,1
86,84,-1,-1,71,3,1
72,70,-1,-1,59,3,1
72,68,-1,-1,98,5,1
85,83,-1,-1,70,3,1
19,17,-1,-1,15,3,1
32,31,-1,-1,26,3,1
23,22,-1,-1,19,3,1
41,40,-1,-1,34,3,1
46,45,-1,-1,25,2,1
59,58,-1,-1,32,2,1
36,34,-1,-1,29,3,1
41,39,-1,-1,33,3,1
36,35,-1,-1,20,2,1
89,88,-1,-1,49,2,1
85,84,-1,-1,47,2,1
101,100,-1,-1,56,2,1
96,95,-1,-1,53,2,1
78,77,-1,-1,43,2,1
80,79,-1,-1,44,2,1
3,0,-1,-1,1,4,1
3,1,-1,-1,1,3,1
5,4,-1,-1,4,3,1
21,18,-1,-1,21,4,1
30,28,-1,-1,24,3,1
25,23,-1,-1,20,3,1
11,9,-1,-1,8,3,1
21,19,-1,-1,16,3,1
15,14,-1,-1,12,3,1
22,19,-1,-1,22,4,1
41,39,-1,-1,44,4,1
37,35,-1,-1,30,3,1
46,44,-1,-1,37,3,1
41,40,-1,-1,34,3,1
50,49,-1,-1,41,3,1
69,68,-1,-1,57,3,1
74,72,-1,-1,61,3,1
83,81,-1,-1,68,3,1
2,1,-1,-1,1,2,1
2,0,-1,-1,1,3,1
3,2,-1,-1,1,2,1
11,10,-1,-1,6,2,1
11,9,-1,-1,8,3,1
21,20,-1,-1,11,2,1
30,29,-1,-1,16,2,1
15,14,-1,-1,8,2,1
16,14,-1,-1,13,3,1
25,23,-1,-1,20,3,1
15,14,-1,-1,12,3,1
16,14,-1,-1,16,4,1
21,17,-1,-1,26,5,1
20,19,-1,-1,11,2,1
14,14,-1,-1,8,2,1
29,27,-1,-1,23,3,1
24,23,-1,-1,13,2,1
19,17,-1,-1,15,3,1
20,17,-1,-1,20,4,1
28,27,-1,-1,15,2,1
31,28,-1,-1,32,4,1
10,9,-1,-1,5,2,1
5,5,-1,-1,3,2,1
22,21,-1,-1,12,2,1
31,30,-1,-1,17,2,1
31,30,-1,-1,17,2,1
26,25,-1,-1,14,2,1
13,12,-1,-1,7,2,1
22,20,-1,-1,17,3,1
15,14,-1,-1,8,2,1
26,24,-1,-1,21,3,1
25,24,-1,-1,14,2,1
21,20,-1,-1,11,2,1
64,63,-1,-1,35,2,1
59,59,-1,-1,33,2,1
41,41,-1,-1,23,2,1
37,36,-1,-1,20,2,1
32,32,-1,-1,18,2,1
40,39,-1,-1,22,2,1
55,54,-1,-1,30,2,1
61,60,-1,-1,34,2,1
64,63,-1,-1,35,2,1
65,64,-1,-1,36,2,1
35,34,-1,-1,19,2,1
48,47,-1,-1,26,2,1
50,50,-1,-1,28,2,1
52,51,-1,-1,29,2,1
43,42,-1,-1,24,2,1
48,47,-1,-1,26,2,1
78,77,-1,-1,43,2,1
69,68,-1,-1,38,2,1
74,73,-1,-1,41,2,1
69,68,-1,-1,38,2,1
45,44,-1,-1,25,2,1
25,24,-1,-1,14,2,1
16,15,-1,-1,13,3,1
10,9,0,0,13,5,1
9,9,0,0,8,3,1
